Malaria Vaccine Will Be An Expensive Failure | https://t.co/ikMTiRo2UU | #Malaria https://t.co/jCKvjHbT5t,"Taos, NM"
World's First Malaria #Vaccine to Be Given to Infants in 2018 https://t.co/XrqI71wcPl,"Chicago, IL"
"World's First Malaria #Vaccine to Be Given to Infants in 2018 https://t.co/lAEcj0ro4O

— Dr. Joseph Mercola (mercola) May 16, 2017",
RT @mercola: World's First Malaria #Vaccine to Be Given to Infants in 2018 https://t.co/XrqI71wcPl,"Pakistan,KARACHI"
RT @mercola: World's First Malaria #Vaccine to Be Given to Infants in 2018 https://t.co/XrqI71wcPl,"Pakistan,KARACHI"
"World's First Malaria #Vaccine to Be Given to Infants in 2018 https://t.co/7BmutOztHP

— Dr. Joseph Mercola (mercola) May 16, 2017",
"World's First Malaria #Vaccine to Be Given to Infants in 2018 https://t.co/S6B7a50iYI

— Dr. Joseph Mercola (mercola) May 16, 2017",Earth
RT @mercola: World's First Malaria #Vaccine to Be Given to Infants in 2018 https://t.co/XrqI71wcPl,"Pakistan,KARACHI"
RT @mercola: World's First Malaria #Vaccine to Be Given to Infants in 2018 https://t.co/XrqI71wcPl,"Pakistan,KARACHI"
"World's First Malaria #Vaccine to Be Given to Infants in 2018 https://t.co/OZXbJC5y7J

— Dr. Joseph Mercola (mercola) May 16, 2017",Earth
RT @mercola: World's First Malaria #Vaccine to Be Given to Infants in 2018 https://t.co/XrqI71wcPl,"Pakistan,KARACHI"
"World's First Malaria #Vaccine to Be Given to Infants in 2018 https://t.co/FhmY0ycwlg

— Dr. Joseph Mercola (mercola) May 16, 2017",The Universe
RT @mercola: World's First Malaria #Vaccine to Be Given to Infants in 2018 https://t.co/XrqI71wcPl,"Pakistan,KARACHI"
"World's First Malaria #Vaccine to Be Given to Infants in 2018 https://t.co/4yq018UYD5

— Dr. Joseph Mercola (mercola) May 16, 2017",Ominiverse
RT @mercola: World's First Malaria #Vaccine to Be Given to Infants in 2018 https://t.co/XrqI71wcPl,"Pakistan,KARACHI"
RT @mercola: World's First Malaria #Vaccine to Be Given to Infants in 2018 https://t.co/XrqI71wcPl,"Pakistan,KARACHI"
Malaria Vaccine Will Be an Expensive Failure https://t.co/XM48IKeuGY,
RT @mercola: World's First Malaria #Vaccine to Be Given to Infants in 2018 https://t.co/XrqI71wcPl,"Pakistan,KARACHI"
@MrHarryCole To them that have shall be given; from those who have not shall be taken away. Malaria vaccine or elec… https://t.co/ZLPQwQZSu5,topp
Malaria Vaccine Will Be an Expensive Failure #digestion https://t.co/6N1ybdYHTA,United Kingdom
"RT @NVICLoeDown: Close to half of the global population is at risk of malaria, will ""Malaria Vaccine Will Be an Expensive Failure.""   https…","Dallas, TX"
READ: #Vaccines #Maternalhealth https://t.co/1SRTXObr6f #FF + Stories via @PRBdata @Seva_Foundation @contremeningite #malaria,
RT @DelthiaRicks: Nat'l Inst of Allergy&amp;Infectious Diseases:Vaccine thwarts malaria by fully guarding 4of 8 monkeys from P. falciparu… ,
@Que_Nomlala Saw only the other day they just came up with a vaccine for malaria. Affects Sub-saharan Africa mostly… https://t.co/I5aiFWuNob,"Cape Town, South Africa"
"RT @GeauxGabby: Cuba cured lung cancer a decade ago, has a 99% literacy rate, and is currently working on an HIV vaccine too. They'… ",San Francisco Bay Area
"RT @GeauxGabby: Cuba cured lung cancer a decade ago, has a 99% literacy rate, and is currently working on an HIV vaccine too. They'… ",San Francisco Bay Area
"RT @GeauxGabby: Cuba cured lung cancer a decade ago, has a 99% literacy rate, and is currently working on an HIV vaccine too. They'… ",San Francisco Bay Area
"RT @GeauxGabby: Cuba cured lung cancer a decade ago, has a 99% literacy rate, and is currently working on an HIV vaccine too. They'… ",San Francisco Bay Area
"RT @GeauxGabby: Cuba cured lung cancer a decade ago, has a 99% literacy rate, and is currently working on an HIV vaccine too. They'… ",San Francisco Bay Area
"RT @GeauxGabby: Cuba cured lung cancer a decade ago, has a 99% literacy rate, and is currently working on an HIV vaccine too. They'… ",San Francisco Bay Area
"RT @GeauxGabby: Cuba cured lung cancer a decade ago, has a 99% literacy rate, and is currently working on an HIV vaccine too. They'… ",San Francisco Bay Area
"RT @GeauxGabby: Cuba cured lung cancer a decade ago, has a 99% literacy rate, and is currently working on an HIV vaccine too. They'… ",San Francisco Bay Area
Mainstream media pushing malaria vaccine while refusing to mention that wormwood herb has a 100% cure rate https://t.co/WF9QBV3A8u,
Mainstream media pushing malaria vaccine while refusing to mention that wormwood herb has a 100% cure rate https://t.co/GuSAtrTLY1,Right here. Meow to you too!
"RT @GeauxGabby: Cuba cured lung cancer a decade ago, has a 99% literacy rate, and is currently working on an HIV vaccine too. They'… ",San Francisco Bay Area
"RT @GeauxGabby: Cuba cured lung cancer a decade ago, has a 99% literacy rate, and is currently working on an HIV vaccine too. They'… ",San Francisco Bay Area
New malaria vaccine effective in clinical trial: Researchers achieve protection of up to 100 percent using fully… https://t.co/qje5U600PA,"Melbourne, Victoria"
Mainstream media pushing malaria vaccine while refusing to mention that wormwood herb has a 100% cure rate https://t.co/AG7C6GoENJ,
RT @TroyCoby: Mainstream media pushing malaria vaccine while refusing to mention that wormwood herb has a 100% cure rate https://t.co/AG7C6…,United States
"Malaria Vaccines Market - Global Industry Insights, Trends, Outlook, and Opportunity Analysis, 2016-2024 | https://t.co/uzYHl9UYkm",
"BBC News - Malaria: Kenya, Ghana and Malawi get first vaccine https://t.co/nk0T38wg1z",
Looking forward to #summerholidays? Checked you need malaria or vaccine cover? Our #travel health service will help… https://t.co/izptI6v01e,Roma
https://t.co/v3IukIYGtk Could there be a 'social vaccine' for malaria?,"81 Abbey Street, Accrington, Lancashire, BB5 1EH"
Malaria Vaccine Will Be An Expensive Failure | https://t.co/ikMTiRo2UU | #Malaria https://t.co/jCKvjHbT5t,
World's First Malaria #Vaccine to Be Given to Infants in 2018 https://t.co/XrqI71wcPl,"Taos, NM"
"World's First Malaria #Vaccine to Be Given to Infants in 2018 https://t.co/lAEcj0ro4O

— Dr. Joseph Mercola (mercola) May 16, 2017","Chicago, IL"
RT @mercola: World's First Malaria #Vaccine to Be Given to Infants in 2018 https://t.co/XrqI71wcPl,
RT @mercola: World's First Malaria #Vaccine to Be Given to Infants in 2018 https://t.co/XrqI71wcPl,"Pakistan,KARACHI"
"World's First Malaria #Vaccine to Be Given to Infants in 2018 https://t.co/7BmutOztHP

— Dr. Joseph Mercola (mercola) May 16, 2017","Pakistan,KARACHI"
"World's First Malaria #Vaccine to Be Given to Infants in 2018 https://t.co/S6B7a50iYI

— Dr. Joseph Mercola (mercola) May 16, 2017",
RT @mercola: World's First Malaria #Vaccine to Be Given to Infants in 2018 https://t.co/XrqI71wcPl,Earth
RT @mercola: World's First Malaria #Vaccine to Be Given to Infants in 2018 https://t.co/XrqI71wcPl,"Pakistan,KARACHI"
"World's First Malaria #Vaccine to Be Given to Infants in 2018 https://t.co/OZXbJC5y7J

— Dr. Joseph Mercola (mercola) May 16, 2017","Pakistan,KARACHI"
RT @mercola: World's First Malaria #Vaccine to Be Given to Infants in 2018 https://t.co/XrqI71wcPl,Earth
"World's First Malaria #Vaccine to Be Given to Infants in 2018 https://t.co/FhmY0ycwlg

— Dr. Joseph Mercola (mercola) May 16, 2017","Pakistan,KARACHI"
RT @mercola: World's First Malaria #Vaccine to Be Given to Infants in 2018 https://t.co/XrqI71wcPl,The Universe
"World's First Malaria #Vaccine to Be Given to Infants in 2018 https://t.co/4yq018UYD5

— Dr. Joseph Mercola (mercola) May 16, 2017","Pakistan,KARACHI"
RT @mercola: World's First Malaria #Vaccine to Be Given to Infants in 2018 https://t.co/XrqI71wcPl,Ominiverse
RT @mercola: World's First Malaria #Vaccine to Be Given to Infants in 2018 https://t.co/XrqI71wcPl,"Pakistan,KARACHI"
Malaria Vaccine Will Be an Expensive Failure https://t.co/XM48IKeuGY,"Pakistan,KARACHI"
RT @mercola: World's First Malaria #Vaccine to Be Given to Infants in 2018 https://t.co/XrqI71wcPl,
"RT @Seeker: A new malaria vaccine by GlaxoSmithKline will be tested on 360,000 children in Africa. https://t.co/aegIMpv6oG","Pakistan,KARACHI"
RT @HealthRanger: Mainstream media pushing #malaria #vaccine while refusing to mention that wormwood #herb has a 100% cure rate… ,
World's First Malaria Vaccine Will Be Given to Thousands of Babies in Africa https://t.co/tpm2Umrx9q https://t.co/0yVOlMebiF,
RT @PlanetKBooks: World's First Malaria Vaccine Will Be Given to Thousands of Babies in Africa https://t.co/tpm2Umrx9q https://t.co/0yVOlMe…,Los Angeles
What you need to know about vaccines before you travel https://t.co/PnmJgw4BoP,"Vientiane, Laos"
RT @DoctorYou1: Mainstream media pushing malaria vaccine while refusing to mention that wormwood herb has a 100% cure rate https://t.co/Hl1…,424 W Katella Avenue Anaheim
Malaria Vaccine Will Be an Expensive Failure https://t.co/8kHwI3flgD via @mercola,"Michigan, USA"
Breaking- Malaria vaccine offers new hope RT #Trafficrequest https://t.co/CcLUu9nB4C,Denmark
"First malaria vaccine to be widely tested
https://t.co/au9CsETETU https://t.co/tENqcWMCZZ",worldwide
Malaria’s genetic poker-playing could threaten GlaxoSmithKline’s Mosquirix vaccine https://t.co/p5f01ourpD,"Hertfordshire, United Kingdom"
RT @VaccineChoiceCA: Malaria’s genetic poker-playing could threaten GlaxoSmithKline’s Mosquirix vaccine https://t.co/p5f01ourpD,Canada
"A new malaria vaccine by GlaxoSmithKline will be tested on 360,000 children in Africa. https://t.co/aegIMpv6oG",
"First malaria vaccine to be widely tested
https://t.co/ZB1VrK8qip https://t.co/ieMB4lvmEK",
Malaria Vaccine Will Be an Expensive Failure https://t.co/XGPkfI57fg via @mercola,"England, United Kingdom"
"@realscientists Is this a huge hurdle for making a #vaccine, especially for protozoan disease agents (e.g. sleeping… https://t.co/TDYJbos8dw","Bay Area, California"
"RT @Seeker: A new malaria vaccine by GlaxoSmithKline will be tested on 360,000 children in Africa. https://t.co/aegIMpv6oG","Logan, Utah"
RT @Skyvinsofficial: Breaking- Malaria vaccine offers new hope RT #Trafficrequest https://t.co/CcLUu9nB4C,
"RT @Seeker: A new malaria vaccine by GlaxoSmithKline will be tested on 360,000 children in Africa. https://t.co/aegIMpv6oG",worldwide
"First Malaria Vaccine, 30 Years in the Making, To Be Trialled In Africa - NOVA Next | PBS https://t.co/ZGSHh7asHy",
RT @novapbs: The first malaria vaccine could be available as soon as 2018. https://t.co/BMcG4mj88Q #NOVAnext,Rude Physicist lab Savannah GA
RT @novapbs: The first malaria vaccine could be available as soon as 2018. https://t.co/BMcG4mj88Q #NOVAnext,"Augusta, GA"
RT @novapbs: The first malaria vaccine could be available as soon as 2018. https://t.co/BMcG4mj88Q #NOVAnext,"Augusta, GA"
RT @novapbs: The first malaria vaccine could be available as soon as 2018. https://t.co/BMcG4mj88Q #NOVAnext,"Augusta, GA"
RT @novapbs: The first malaria vaccine could be available as soon as 2018. https://t.co/BMcG4mj88Q #NOVAnext,"Augusta, GA"
RT @novapbs: The first malaria vaccine could be available as soon as 2018. https://t.co/BMcG4mj88Q #NOVAnext,"Augusta, GA"
"So there's some news and stuff this morning, eh? How about that malaria vaccine?","Augusta, GA"
RT @novapbs: The first malaria vaccine could be available as soon as 2018. https://t.co/BMcG4mj88Q #NOVAnext,"Oak Park, IL"
RT @novapbs: The first malaria vaccine could be available as soon as 2018. https://t.co/BMcG4mj88Q #NOVAnext,"Augusta, GA"
RT @novapbs: The first malaria vaccine could be available as soon as 2018. https://t.co/BMcG4mj88Q #NOVAnext,"Augusta, GA"
What you need to know about vaccines before you travel https://t.co/NSFa6ArQZN,"Augusta, GA"
What you need to know about vaccines before you travel https://t.co/gbTkoFkGzA,"Clinton, MD"
What to know about vaccines before you travel | #Travel  https://t.co/IUN00hdxz1,"Alexandria, VA"
RT @novapbs: The first malaria vaccine could be available as soon as 2018. https://t.co/BMcG4mj88Q #NOVAnext,
"RT @AFP: #BREAKING First large-scale malaria vaccine trial for Kenya, Ghana and Malawi","Augusta, GA"
RT @novapbs: The first malaria vaccine could be available as soon as 2018. https://t.co/BMcG4mj88Q #NOVAnext,USA
RT @novapbs: The first malaria vaccine could be available as soon as 2018. https://t.co/BMcG4mj88Q #NOVAnext,"Augusta, GA"
RT @novapbs: The first malaria vaccine could be available as soon as 2018. https://t.co/BMcG4mj88Q #NOVAnext,"Augusta, GA"
What you need to know about vaccines before you travel https://t.co/ULAYfEzoZ2,"Augusta, GA"
RT @JamesJMurray1: Malaria Vaccine Breakthrough! https://t.co/yPn1VJ47mL https://t.co/B4zHTY3Pcw,"New Orleans, LA"
Did you know that the research for the malaria vaccine is in advanced stages in Uganda? Visit... https://t.co/CYR9CfqJbo,日本
Malaria Vaccine Will Be an Expensive Failure https://t.co/jTb5AzyDXw via @mercola,New York City
RT @novapbs: The first malaria vaccine could be available as soon as 2018. https://t.co/BMcG4mj88Q #NOVAnext,
RT @novapbs: The first malaria vaccine could be available as soon as 2018. https://t.co/BMcG4mj88Q #NOVAnext,"Augusta, GA"
"RT @ajplus: The first-ever vaccine against malaria will be introduced in Ghana, Kenya and Malawi in 2018. https://t.co/1ZOLOdNzFc","Augusta, GA"
Children With Rare Malaria Immunity Could Mean New Vaccine https://t.co/6c90TQfaEs,
"Our last paper at Clinical Infectious Diseases: Immune markers correlated with #malaria protection by RTS,S vaccine https://t.co/BEFv32qXea",Tanzania
"@ISGLOBALorg: Immune markers correlate with malaria protection by the RTS,S vaccine, on... https://t.co/WYCqthUOBN","Barcelona, Catalunya"
"RT @gmoncu: Our last paper at Clinical Infectious Diseases: Immune markers correlated with #malaria protection by RTS,S vaccine https://t.c…",Barcelona
"New ISGlobal study helps understand why the RTS,S vaccine does not protect some children https://t.co/MGIiNdCabv #malaria #endmalaria",Barcelona
"RT @ISGLOBALorg: New ISGlobal study helps understand why the RTS,S vaccine does not protect some children https://t.co/MGIiNdCabv #malaria…",Barcelona
"RT @NVICLoeDown: Close to half of the global population is at risk of malaria, will ""Malaria Vaccine Will Be an Expensive Failure.""   https…","Barcelona, Catalunya"
RT @DelthiaRicks: Nat'l Inst of Allergy&amp;Infectious Diseases:Vaccine thwarts malaria by fully guarding 4of 8 monkeys from P. falciparu… ,"Dallas, TX"
@Que_Nomlala Saw only the other day they just came up with a vaccine for malaria. Affects Sub-saharan Africa mostly… https://t.co/I5aiFWuNob,
"RT @GeauxGabby: Cuba cured lung cancer a decade ago, has a 99% literacy rate, and is currently working on an HIV vaccine too. They'… ","Cape Town, South Africa"
"RT @GeauxGabby: Cuba cured lung cancer a decade ago, has a 99% literacy rate, and is currently working on an HIV vaccine too. They'… ",San Francisco Bay Area
"RT @GeauxGabby: Cuba cured lung cancer a decade ago, has a 99% literacy rate, and is currently working on an HIV vaccine too. They'… ",San Francisco Bay Area
"RT @GeauxGabby: Cuba cured lung cancer a decade ago, has a 99% literacy rate, and is currently working on an HIV vaccine too. They'… ",San Francisco Bay Area
"RT @GeauxGabby: Cuba cured lung cancer a decade ago, has a 99% literacy rate, and is currently working on an HIV vaccine too. They'… ",San Francisco Bay Area
"RT @GeauxGabby: Cuba cured lung cancer a decade ago, has a 99% literacy rate, and is currently working on an HIV vaccine too. They'… ",San Francisco Bay Area
"RT @GeauxGabby: Cuba cured lung cancer a decade ago, has a 99% literacy rate, and is currently working on an HIV vaccine too. They'… ",San Francisco Bay Area
"RT @GeauxGabby: Cuba cured lung cancer a decade ago, has a 99% literacy rate, and is currently working on an HIV vaccine too. They'… ",San Francisco Bay Area
Mainstream media pushing malaria vaccine while refusing to mention that wormwood herb has a 100% cure rate https://t.co/WF9QBV3A8u,San Francisco Bay Area
Mainstream media pushing malaria vaccine while refusing to mention that wormwood herb has a 100% cure rate https://t.co/GuSAtrTLY1,
"RT @GeauxGabby: Cuba cured lung cancer a decade ago, has a 99% literacy rate, and is currently working on an HIV vaccine too. They'… ",Right here. Meow to you too!
"RT @GeauxGabby: Cuba cured lung cancer a decade ago, has a 99% literacy rate, and is currently working on an HIV vaccine too. They'… ",San Francisco Bay Area
New malaria vaccine effective in clinical trial: Researchers achieve protection of up to 100 percent using fully… https://t.co/qje5U600PA,San Francisco Bay Area
Mainstream media pushing malaria vaccine while refusing to mention that wormwood herb has a 100% cure rate https://t.co/AG7C6GoENJ,"Melbourne, Victoria"
RT @TroyCoby: Mainstream media pushing malaria vaccine while refusing to mention that wormwood herb has a 100% cure rate https://t.co/AG7C6…,
"BBC News - Malaria: Kenya, Ghana and Malawi get first vaccine https://t.co/nk0T38wg1z",United States
Looking forward to #summerholidays? Checked you need malaria or vaccine cover? Our #travel health service will help… https://t.co/izptI6v01e,Roma
https://t.co/v3IukIYGtk Could there be a 'social vaccine' for malaria?,"81 Abbey Street, Accrington, Lancashire, BB5 1EH"
"Kenya, Ghana and Malawi are getting the first malaria vaccine: https://t.co/Lcg75jF6w8 #endmalaria https://t.co/xxIuHO8hhH",
#Nigeria #news - BREAKING: First large-scale malaria vaccine trials for #Africa https://t.co/jtihQndDGz,"Bellingham, WA"
#Nigeria #news - BREAKING: First large-scale malaria vaccine trials for #Africa https://t.co/aE1LOqX8OU,"Lagos, Nigeria"
"RT @globalacademyhs: #Malaria: Kenya, Ghana and Malawi get first vaccine

#WHO #health #hospital #treatment #death… ",Lagos - Nigeria
"RT @CNNAfrica: First malaria vaccine to be tested in Kenya, Ghana and Malawi: https://t.co/NSXqBG6Joj #WorldMalariaDay https://t.co/fkNuJay…","Loveland, CO"
"New post (New Malaria Vaccine to be Tested in Ghana, Kenya, and Malawi) has been published on OldHeadz Radio -… https://t.co/VTxykE5iyk",
Nat'l Inst of Allergy&amp;Infectious Diseases:Vaccine thwarts malaria by fully guarding 4of 8 monkeys from P. falciparu… https://t.co/ROe5PA3Bvy,
"RT @Seeker: A new malaria vaccine by GlaxoSmithKline will be tested on 360,000 children in Africa. https://t.co/aegIMpv6oG",Fʊռtʊa
RT @HealthRanger: Mainstream media pushing #malaria #vaccine while refusing to mention that wormwood #herb has a 100% cure rate… ,"Houston, TX"
World's First Malaria Vaccine Will Be Given to Thousands of Babies in Africa https://t.co/tpm2Umrx9q https://t.co/0yVOlMebiF,New York
RT @PlanetKBooks: World's First Malaria Vaccine Will Be Given to Thousands of Babies in Africa https://t.co/tpm2Umrx9q https://t.co/0yVOlMe…,
What you need to know about vaccines before you travel https://t.co/PnmJgw4BoP,
RT @DoctorYou1: Mainstream media pushing malaria vaccine while refusing to mention that wormwood herb has a 100% cure rate https://t.co/Hl1…,
RT @JennerInstitute: Our clinical trial immunologists testing #vaccines against #malaria and emerging pathogens #iamresearch #ICTD2017… ,Los Angeles
Malaria Vaccine Will Be an Expensive Failure https://t.co/8kHwI3flgD via @mercola,"Vientiane, Laos"
RT @JennerInstitute: Our clinical trial immunologists testing #vaccines against #malaria and emerging pathogens #iamresearch #ICTD2017… ,424 W Katella Avenue Anaheim
RT @JennerInstitute: Our clinical trial immunologists testing #vaccines against #malaria and emerging pathogens #iamresearch #ICTD2017… ,"Michigan, USA"
"Nutrition, vaccines, malaria ttt: all destroyed by Global Gag Rule. Women and children will die because of this.
https://t.co/mOwlfLmf6L",
Breaking- Malaria vaccine offers new hope RT #Trafficrequest https://t.co/CcLUu9nB4C,Denmark
"RT @SaminSyd: Nutrition, vaccines, malaria ttt: all destroyed by Global Gag Rule. Women and children will die because of this.
https://t.co…",
"First malaria vaccine to be widely tested
https://t.co/au9CsETETU https://t.co/tENqcWMCZZ",
RT @JennerInstitute: Our clinical trial immunologists testing #vaccines against #malaria and emerging pathogens #iamresearch #ICTD2017… ,"Washington, DC"
Malaria’s genetic poker-playing could threaten GlaxoSmithKline’s Mosquirix vaccine https://t.co/p5f01ourpD,worldwide
RT @VaccineChoiceCA: Malaria’s genetic poker-playing could threaten GlaxoSmithKline’s Mosquirix vaccine https://t.co/p5f01ourpD,Washington DC USA
"A new malaria vaccine by GlaxoSmithKline will be tested on 360,000 children in Africa. https://t.co/aegIMpv6oG","Hertfordshire, United Kingdom"
"First malaria vaccine to be widely tested
https://t.co/ZB1VrK8qip https://t.co/ieMB4lvmEK",
Malaria Vaccine Will Be an Expensive Failure https://t.co/XGPkfI57fg via @mercola,Canada
"@realscientists Is this a huge hurdle for making a #vaccine, especially for protozoan disease agents (e.g. sleeping… https://t.co/TDYJbos8dw",
RT @JennerInstitute: Our clinical trial immunologists testing #vaccines against #malaria and emerging pathogens #iamresearch #ICTD2017… ,
"RT @Seeker: A new malaria vaccine by GlaxoSmithKline will be tested on 360,000 children in Africa. https://t.co/aegIMpv6oG","England, United Kingdom"
RT @Skyvinsofficial: Breaking- Malaria vaccine offers new hope RT #Trafficrequest https://t.co/CcLUu9nB4C,"Bay Area, California"
"RT @sabinvaccine: #Pneumonia kills more kids under 5 than HIV, TB, Zika, Ebola, &amp; malaria combined. But now #India is helping… ","Logan, Utah"
"RT @Seeker: A new malaria vaccine by GlaxoSmithKline will be tested on 360,000 children in Africa. https://t.co/aegIMpv6oG",
"First Malaria Vaccine, 30 Years in the Making, To Be Trialled In Africa - NOVA Next | PBS https://t.co/ZGSHh7asHy",
RT @novapbs: The first malaria vaccine could be available as soon as 2018. https://t.co/BMcG4mj88Q #NOVAnext,worldwide
RT @novapbs: The first malaria vaccine could be available as soon as 2018. https://t.co/BMcG4mj88Q #NOVAnext,New York
RT @novapbs: The first malaria vaccine could be available as soon as 2018. https://t.co/BMcG4mj88Q #NOVAnext,
RT @novapbs: The first malaria vaccine could be available as soon as 2018. https://t.co/BMcG4mj88Q #NOVAnext,Rude Physicist lab Savannah GA
RT @novapbs: The first malaria vaccine could be available as soon as 2018. https://t.co/BMcG4mj88Q #NOVAnext,"Augusta, GA"
RT @novapbs: The first malaria vaccine could be available as soon as 2018. https://t.co/BMcG4mj88Q #NOVAnext,
"So there's some news and stuff this morning, eh? How about that malaria vaccine?","Augusta, GA"
RT @novapbs: The first malaria vaccine could be available as soon as 2018. https://t.co/BMcG4mj88Q #NOVAnext,"Augusta, GA"
RT @novapbs: The first malaria vaccine could be available as soon as 2018. https://t.co/BMcG4mj88Q #NOVAnext,"Augusta, GA"
RT @novapbs: The first malaria vaccine could be available as soon as 2018. https://t.co/BMcG4mj88Q #NOVAnext,"Augusta, GA"
What you need to know about vaccines before you travel https://t.co/NSFa6ArQZN,"Augusta, GA"
What you need to know about vaccines before you travel https://t.co/gbTkoFkGzA,"Oak Park, IL"
What to know about vaccines before you travel | #Travel  https://t.co/IUN00hdxz1,"Augusta, GA"
RT @novapbs: The first malaria vaccine could be available as soon as 2018. https://t.co/BMcG4mj88Q #NOVAnext,"Augusta, GA"
"RT @AFP: #BREAKING First large-scale malaria vaccine trial for Kenya, Ghana and Malawi","Augusta, GA"
"Immune Markers Correlate with Malaria Protection by the RTS,S Vaccine https://t.co/SVwTRGhctS","Clinton, MD"
#FreeReadFriday: 'Is maternal education a social vaccine for childhood malaria infection?' https://t.co/XBfFadW41e,"Alexandria, VA"
"Immune Markers Correlate with Malaria Protection by the RTS,S Vaccine https://t.co/LruoZy7CT5 https://t.co/NAEpQOllKB",
"RT @MalaRRiaInfo: Immune Markers Correlate with Malaria Protection by the RTS,S Vaccine https://t.co/LruoZy7CT5 https://t.co/NAEpQOllKB","Augusta, GA"
"Hot off the press! Immune correlates of protection from #malaria after RTS,S vaccine: https://t.co/ATEwzCvP7f",USA
RT @astar_research: #Malaria proteins trigger an immune response in infected individuals: is there hope for a new #vaccine?| #SIgN… ,Santiago de Compostela
"New post (New Malaria Vaccine to be Tested in Ghana, Kenya, and Malawi) has been published on OldHeadz Radio -… https://t.co/VTxykE5iyk",
"RT @ISGLOBALorg: New ISGlobal study helps understand why the RTS,S vaccine does not protect some children https://t.co/MGIiNdCabv #malaria…",
"After Decades of Work, a Malaria Vaccine Is Here https://t.co/NIIGDCIpLY","Manhiça, Maputo, Mozambique"
"RT @ISGLOBALorg: New ISGlobal study helps understand why the RTS,S vaccine does not protect some children https://t.co/MGIiNdCabv #malaria…","Manhiça, Maputo, Mozambique"
Malaria Vaccine Will Be an Expensive Failure https://t.co/Cy4KoSDMNL https://t.co/vXJ88CdqJI,
Social vaccine for #malaria? Mom's education level has big impact child infection https://t.co/HKOoiQXweT… https://t.co/mUkvmBDUdy,"Houston, TX"
"RT @ProSyn: In 2016, progress was made in developing vaccines for #Ebola, dengue, shingles, and malaria https://t.co/P0uFzFgUDm https://t.c…","Barcelona, Catalunya"
"Come to our #SciCafe - Tues., 5/23, 6-7pm EST - to learn about the challenging history of #malaria vaccine research… https://t.co/9jNAzKfiLy",
"RT @Manhica_CISM: Hot off the press! Immune correlates of protection from #malaria after RTS,S vaccine: https://t.co/ATEwzCvP7f","Barcelona, Catalunya"
"Let me bite you. I have antimalaria vaccine in me, especially if I bite your lips. https://t.co/CVsyiqyIks","Wilmslow, UK"
RT @JennerInstitute: Our clinical trial immunologists testing #vaccines against #malaria and emerging pathogens #iamresearch #ICTD2017… ,"Edmonton, Alberta, Canada"
"RT @OlaseniOladejo: Let me bite you. I have antimalaria vaccine in me, especially if I bite your lips. https://t.co/CVsyiqyIks",
READ: #Vaccines #Maternalhealth https://t.co/1SRTXObr6f #FF + Stories via @BreakDengue @PharmAccessOrg @CD2transform #hiv #malaria,"Silver Spring, MD"
"RT @GeauxGabby: Cuba cured lung cancer a decade ago, has a 99% literacy rate, and is currently working on an HIV vaccine too. They'… ","Barcelona, Catalunya"
Nat'l Inst of Allergy&amp;Infectious Diseases:Vaccine thwarts malaria by fully guarding 4of 8 monkeys from P. falciparu… https://t.co/ROe5PA3Bvy,Above and Beyond
"Close to half of the global population is at risk of malaria, will ""Malaria Vaccine Will Be an Expensive Failure.""   https://t.co/1c00UZjZiD",
