malaria,important,worldmalariaday,higher,disease,geography,tropicaldisease
air,pollution,kills,globally,children,indoor,yes
styled,living,god,self,died,2015
free,rise,maldives,murder,travelers,make
vaccine,ghana,malawi,2018,sea,created,enemy,trust
korea,north,contact,oks,civilian,usatoday,malaria,washington
treat,phrase,lots,heard,better,cure,join,prevention
oneactagainstmalaria,did,nigeria,know,source,malaria,stopped,estimates
bush,george,got,say,field,figting,film
malaria,anti,world,africa,health,day
tickets,hotels,combined,more,travel,aids,plane,who,money,malaria
cases,plant,therapy,cured,drug,africa,million,malaria
scientists,fight,finally,discovered,malaria,vaccine,report,progress
drugs,experiences,worst,limpopo,akwa,ibom,provides
end,oneactagainstmalaria,menace,africa,ending,malaria,play,efforts
courses,mooc,harvard,university,online,free
prevention,5000,persons,quicker,route,kick,better,malaria
aids,spent,tickets,plane,hotels,health,world
experimental,monkeys,protects,deadly,modified,vaccine,malaria
fund,budget,million,malaria,trump,cuts,aids