RT @healthmap: CDC travel notice issued for #Burundi due to #malaria outbreak - Outbreak News Today https://t.co/xYhmHfQYXG,Santa Barbara
RT @BennyCapricorn: Very important Question. Because only recently the outbreak of flies too has become really worrisome. These questio… ,Nigeria
CDC travel notice issued for Burundi due to malaria outbreak https://t.co/22moOWMUw0,Santa Barbara
RT @healthmap: CDC travel notice issued for #Burundi due to #malaria outbreak - Outbreak News Today https://t.co/xYhmHfQYXG,Santa Barbara
RT @healthmap: CDC travel notice issued for #Burundi due to #malaria outbreak - Outbreak News Today https://t.co/xYhmHfQYXG,Burundi
CDC travel notice issued for Burundi due to malaria outbreak - Outbreak News Today https://t.co/82VbvO4PRM,"London, U.K"
"Amid malaria epidemic, 'a cholera outbreak would be a catastrophe"" for #Burundi refugees in #Tanzania @MSF tells me https://t.co/k5VFNE5OjI","Washington, DC"
"Malaria diagnostics: Alere launches Malaria Ag P.f test, Supported by Gates Foundation - Outbreak News Today https://t.co/TJiwuofymg",Patiala
RT @Big_Data_Raj: ...and the next step is to predict the outbreak. https://t.co/B35TrO9bv0,"Coventry Rhode Island, USA"
"@PatinseflaPat @presleyjohn99 @Flag_Girl2 @NoobamaC Between 1957 and 2015, in the United States, 63 outbreaks..don'… https://t.co/bdyBP9vMNX",Trump supporter #1A #2A
"RT @kaligt55: @PatinseflaPat @presleyjohn99 @Flag_Girl2 @NoobamaC Between 1957 and 2015, in the United States, 63 outbreaks..don'… ",Trump supporter #1A #2A
"RT @kaligt55: @PatinseflaPat @presleyjohn99 @Flag_Girl2 @NoobamaC Between 1957 and 2015, in the United States, 63 outbreaks..don'… ",Kenya
RT @AJEnglish: A closer look at the 'unprecedented' malaria outbreak in South Sudan https://t.co/3GCvtF695t  #WorldMalariaDay https://t.co/…,Kenya
RT @AJEnglish: A closer look at the 'unprecedented' malaria outbreak in South Sudan https://t.co/3GCvtF695t  #WorldMalariaDay https://t.co/…,Kenya
RT @AJEnglish: A closer look at the 'unprecedented' malaria outbreak in South Sudan https://t.co/3GCvtF695t  #WorldMalariaDay https://t.co/…,Kenya
RT @AJEnglish: A closer look at the 'unprecedented' malaria outbreak in South Sudan https://t.co/3GCvtF695t  #WorldMalariaDay https://t.co/…,Kenya
RT @AJEnglish: A closer look at the 'unprecedented' malaria outbreak in South Sudan https://t.co/3GCvtF695t  #WorldMalariaDay https://t.co/…,Santa Barbara
RT @healthmap: CDC travel notice issued for #Burundi due to #malaria outbreak - Outbreak News Today https://t.co/xYhmHfQYXG,Nigeria
RT @BennyCapricorn: Very important Question. Because only recently the outbreak of flies too has become really worrisome. These questio… ,Santa Barbara
CDC travel notice issued for Burundi due to malaria outbreak https://t.co/22moOWMUw0,Santa Barbara
RT @healthmap: CDC travel notice issued for #Burundi due to #malaria outbreak - Outbreak News Today https://t.co/xYhmHfQYXG,Burundi
RT @healthmap: CDC travel notice issued for #Burundi due to #malaria outbreak - Outbreak News Today https://t.co/xYhmHfQYXG,"London, U.K"
CDC travel notice issued for Burundi due to malaria outbreak - Outbreak News Today https://t.co/82VbvO4PRM,"Washington, DC"
"Amid malaria epidemic, 'a cholera outbreak would be a catastrophe"" for #Burundi refugees in #Tanzania @MSF tells me https://t.co/k5VFNE5OjI",Patiala
