account,times
@DavidCornDC,827
@Gidi_Traffic,821
@ZenithBank,808
@AfricaFactsZone,805
@NickKristof,643
@cmrondon,578
@ActualidadRT,533
@juliocastrom,532
@Code101_,390
@RobDotHutton,314
@qzafrica,305
@WHO,299
@MaxCRoser,196
@ReporteYa,142
@WHO.,140
"@DrTedros,",138
@HelenClarkNZ,134
@TheCWW,129
@Mapbox,126
@GeauxGabby,119
@qz,119
@BillGates,109
@MOH_Kenya,105
@TimesLIVE,103
@eldiarioes,102
@owen_author,97
@ScienceNews,94
@ChaudhryShankar,94
@clairlemon,89
@DrTedros,86
@rangelgomez,84
@hotosm,83
@Limportant_fr,81
@thecoreyholcomb,80
@elespanolcom,79
@nowthisnews,77
@hallaboutafrica,77
@malarianomoreuk,74
@PolitiFact,72
@juliocastrâ€¦,68
@GlobalFund,66
@UNITAID,60
@SABCNewsOnline,60
@EileenLeft,60
@That_IjebuBadoo,60
@WHOSEARO,59
@UrugwiroVillage,58
@sire_liljosh,58
@V_of_Europe,54
@NYTHealth,53
@dylanmatt,52
@ms_Heide,52
@APLMA_Malaria,50
@iam_AbdulAxis,48
@UNICEF,47
@MSFsci,46
@nytimesworld,46
@GlblCtzn,46
@AFP,44
@AmericaATusPies,44
@USEmbassyAbuja,44
@realDonaldTrump,43
@TheEconomist,43
@nothingbutnets,43
@aaronauldde,42
@cbronline,42
@Reuters,42
@AP,42
@WHOAFRO,42
@EXASOLAG,40
@statnews,40
@HarvardMalaria,39
@iWOPI,39
@ElUniversal,39
@ColartNaija,39
@YouTube,38
@UNWatch,38
"@WHO
Tuberculosis",38
@smsch_africa,38
@sabiasvip,37
@LSTMnews,37
@los_replicantes,36
@Docisp,36
@DecanaturaFM,36
@UNColombia,36
@PMIgov,35
@Rouvafe,35
@VRI_UN,35
@mrdmovement,34
@NatureComms,34
@KentPage,34
@MalariaNoMore,33
@PlayGrounder,33
@stopthenutjob,33
@,32
@USAIDKenya,32
@Mortein_ng,32
@IsaacFAdewole,32
@PRINCE_VIII,32
@maberalv,31
@_Alphawoman,31
@ONEinAfrica,31
@YvonneChakaX2,30
@MalariaAtlas,30
@swankpharm,30
@SinEmbargoMX,30
@dailymaverick,30
@ACLU,29
@mandiloucats,29
@ongehass,29
@viking_tiger,29
@SowetanLIVE,28
@Federation,28
@EzegoodnessU2,28
@strudders_cfc,28
@Hisroyaldopenez,28
@mercola,27
@FerCornejoLeonâ€¦,27
@ISGLOBALorg,27
@Minsa_Peru,27
@ALMA_2030,27
@PScotlandCSG,27
@Salud_Ec,26
@allafrica,26
@Gurmeetramrahim,26
@ls7428,26
@Carolde,26
@clemms_august,26
@giveawaysnood,26
@novapbs,25
@SLSingh,25
@CDCGlobal,25
@UN,25
@RollBackMalaria,25
@pharris830,25
@SALERFI,25
@nighealthwatch,24
@LiveScience,24
@JKorir_Health,24
@bengoldacre,24
@TimHarford,24
@MSF,23
@HeartOfGoId_,23
@sanghaviharsh,23
@JPNadda,22
@MSF_USA,22
@scienmag,22
@FightingMalaria,22
@AlephEdu,22
@Katie_Nguyen1,22
@neverlandhan,22
@mosaicscience,22
@statsgh,22
@OPSOMS_Col,22
@dondeljul,22
@ClintonHealth,21
@morisatwine,21
@LINK_LSHTM,21
@davidnabarro,21
@theglobalfight,21
@KemenkesRI,21
@TheLancetInfDis,21
@unfoundation,21
@channelstv,21
@ifakarahealth,20
@ebuka_akara,20
@ElContraDTodo,20
@KeseteA,20
@IBTimesUK,20
@MelissaJPeltier,20
@DrFrieden,20
@atscommunity,20
@MicrobesInfect,20
@DPP_PPP,20
@danielashby,20
@uncclearn,20
@Culturizando,19
@DigitalGlobe,19
@ITVTANZANIA,19
@WHOMaldives,19
@JesseLehrich,19
@kate_sheppard,19
@mtehuitz,19
@WHOâ€¦,18
@gatesfoundation,18
@HarvardChanSPH,18
@el_pais,18
@xavier_torrens,18
@eldesconcierto,18
@dinapomeranz,18
@andelsta,18
@RwandaHealth,18
@lancet_kenya,18
@Paras_HMRI,18
@mujerconciencia,18
@amateuradam,18
@RichardF0ng,18
@BryanHollis2,18
@darren_dazmav,17
@WWARN,17
@PATHtweets,17
@TheBabaOba,17
@LSTMnewsâ€¦,17
@livuninews,17
@argiro1961,17
@PEPFAR,17
@BD_Africa,17
@spanks69,17
@MYANC,16
@GSK,16
@himmoderator,16
@thereaIbanksy,16
@arztdiego,16
@UNDP,16
@who,16
@USAID,16
@ft_health,16
@ShahNafisa,16
@DrAhmedKalebi,16
@Amref_Worldwide,16
@JRX_SID,16
@samitinjay_,16
@burkese,16
@ademola1,16
@ApsaalookeLady,16
@nsukuvalentia,15
@omidong,15
@UniofOxford,15
@gavi,15
@PSIimpact,15
@motoreco_ok,15
@JohnsHopkinsSPH,15
@opsoms,15
@EconoCabreado,15
@richardsandoval,15
@eldesconcieâ€¦,15
@neo_pac,15
@EricTopol,15
@AJEnglish,15
@elestimulo,15
@wiilkilz,15
@DEMOLAEXPOZE,15
@MSFâ€™sÂ Gabriele,14
@ArmandoInfo,14
@JenniferNettles,14
@AminaJMohammed,14
@MalariaJournal,14
@WHOSierraLeone,14
@WHOThailand,14
@Etinyene_,14
@moofasar,14
@elramafuentes,14
@Jonathan_Witt,14
@katjanechild,14
@MoHFW_INDIA,14
@malariagenomicsâ€¦,14
@IAMChrisBest,14
@MSF_Espana,14
@YPGNG,14
@pradeepmagazine,14
@TeamNafisaShah,14
@Nestornongo,14
@todayng,14
@MinSaludCol,14
@iburundi,14
@shazzamaxwell11,14
@LotusOak,13
@funder,13
@KEMRI_Wellcome,13
@POTUS,13
@JuanBistecses,13
@AlikoDangote,13
@FactsInYourFace,13
@rosamariaartal,13
@Hello_PHC,13
@tan123,13
@MedsforMalaria,13
@UCT_Research,13
@ANN7tv,13
@miguelacevedopr,13
@blogdokter,13
@IshantSunaria,13
@AkinwunmiAmbode,13
@bbbrieger,12
@NigeriaNewsdesk,12
@â€¦,12
@jerweber,12
@mmpadellan,12
@mcspocky,12
@MMitongu,12
@ItIzBiz,12
@SaysHummingbird,12
@1singlevoice,12
@tableau,12
@QueLeer,12
@archiettoliber,12
@VofAnonymous,12
@officialdaddymo,12
@Fredros_Inc,12
@MoHBhutan,12
@RajithaSenaratn,12
@sbolze,12
@elliestone2,12
@TayeBalcha,12
@drharshvardhan,12
@ThisJustInLIVE,12
@Vernaxis,12
@LauraRing6,12
@bessbell,12
@StanfordMed,12
.@PrakashLab,12
@VocalKingJongup,12
@tanbirdhaliwal,12
"@htTweets
https//t.co/JIBi7jNIj8",12
@onmedicglobal,12
@YPGKaduna,12
@lymanstoneky,12
@manuel_pranks,12
@TheIHI,12
@kalpana09_insan,12
@PoliMappers,11
@UNVolunteers,11
@WHONigeria,11
@malariagenomics,11
@egyptologist134,11
@GaryLewisUN,11
@InfectiousDz,11
@palmettaaa,11
@guidodellarover,11
@a_meluzzi,11
@QwertyDante,11
@condottiero50,11
@samothyear,11
@allemaccâ€¦,11
@FLOTUS,11
@ryanlcooper,11
@BleacherReport,11
@GHTCoalition,11
@DKaimowitz,11
@ANI_news,11
@Ethnography911,11
@FMEnvng,11
@AlkebanKaltungo,11
@NobelPrize,11
@donateaphoto,11
@EcoHealthNYC,11
@MSFNairobi,11
@TrendsParasitol,11
@BluRadioCo,11
@ftreports,11
@GhideonMusa,11
@spanks69â€¦,11
@Harvard,10
@DrTedros4WHO,10
@jose_garde,10
@CamburYMedio,10
@polimi!,10
@youthmappers,10
@ellenleffler,10
@SpallanzaniINMI,10
@laure_lind,10
@WomenSaveUSAâ€¦,10
@MackayIM,10
@hthhglobal,10
@harvardonline,10
@LisadaCa,10
@eTweeetz,10
@DalterEduardo,10
@Keguro_,10
@TEnjeux,10
@matibabu8,10
@Sumivector,10
@alfredocorell,10
@AhmedIYakasai,10
@acunningID,10
@SAGTeach,10
@EfeMoney,10
@druginterface,10
@ini_nse,10
@Odudu_Akpaete,10
@YPGNGâ€¦,10
@SwissTPH,10
@unitaid,10
@clintonhealth,10
@unicef,10
@google,10
@UCSF,10
@RwandaGov,10
@mozambiquesur,10
@BayerEspana,10
@daily_trust,10
@HTPunjab,10
@Barbie_Sandwich,10
@Boris_Badenoff,10
@Gdlifeghana,10
@sarahfraser,10
@Pankhurst1690,10
@pauljeannette,10
@cjaimesb,9
@BillNye,9
@MORUBKK,9
@MEIatUCSF,9
@busbygeorge,9
@xluvmyhazz,9
@awhmychanel,9
@NIH,9
@ASTMH,9
@rightrelevance,9
@PLOSNTDs,9
@FortuneMagazine,9
@ThundfromUnd,9
@forrestmaready,9
@malaria,9
@CDCgov,9
@AP_Europe,9
@WHO_Europe,9
@curiosidadesn24,9
@scoopit,9
@JJseno,9
@liâ€¦,9
@qzafrâ€¦,9
@OsunDefender,9
@uclcs,9
@muazugarba,9
@TheNationNews,9
@saifedean,9
@aizzgiant,9
@zenkmm,9
@mhellopez19,9
@fleurs7754,9
@xinempl,9
@arenb72,9
@chie_chie26,9
@bean_stalker888,9
@betchieflores,9
@emzsmfâ€¦,9
@ParasiteJournal,9
@CHRNaija,9
@paimadhu,9
@CellPressNews,9
@PatinseflaPat,9
@presleyjohn99,9
@Flag_Girl2,9
@NoobamaC,9
@blembke15,9
#Podcast@dr_ewan_cameron,9
@DrSamirBhatt,9
@Lyricalwizzy,9
@StephanieCarvin,9
@HealthRanger,8
.@Mortein_ng,8
@pissaxgirlzz,8
@emanuele236,8
@ttmalawi,8
@neil_bodie,8
@michiganstateu,8
"@hotosm,",8
@albrgr,8
@JennerInstitute,8
@ArvindKejriwal,8
"@Drapozo2016,",8
@Bob_Janke,8
@EdDarrell,8
@gashumbadiane,8
@randyprine,8
@gchelwa,8
@bugbittentweets,8
@vanguardngrnews,8
@fynnerd,8
@ActonInstitute,8
@ADP_health,8
@Barbieroja,8
@VickyVillarruel,8
"

@andelsta",8
@JackPosobiec,8
@IvoVegter,8
@cescept,8
@shebisilver,8
@edward_ross,8
@nmcpnigeria,8
@irmaroxas3,8
@duffyonpoint,8
@RBCRwanda,8
@SaroPANAP,8
@pam_E_chic,8
@SmithsonianMag,8
@mannyrocx,8
"
@NightRTs",8
@RogueRTs,8
@DarkRTs1â€¦,8
@Paras_Hospitals,8
@GorgJess83,8
@fmoh,8
@bbchausa,8
@Fmohnigeriaâ€¦,8
@NilaMoeloek,8
@WildlifeAfrique,8
@lauren_becnel,8
@CDISC,8
@EcobankFdn,8
@hospimilTiuna,8
@dlivefeeds,8
@lady_gabbar,8
@SoCMUE,8
@SEMES_,8
@mandyPkunene,8
@AJTMH,8
@GD_RNE,8
@cihp_ng,8
@Patel4Withamâ€¦,8
@JohnsHopkinsSPH's,8
@EthioEmbassyUK,8
@sbmontgom,8
@1035fmradio1,8
@PedsGeekMD,8
@markcha,8
@women_affairs,8
@IlorinInfo,8
@elcolombiano,8
@lindaikeji,8
@IDFreeport,8
@mark_lynas,8
@el_carabobeno,8
@MicrobParaTodos,8
@JonAcuff,8
@katenderu,8
@boud1sm,8
@Apriljanesâ€¦,8
@CRSPHCDA1,8
@TheMissingMaps,7
@westfielddevng,7
@NYCuratrix,7
@sangerinstitute,7
@arafrika,7
@alemuw1,7
@ScienceDaily,7
@Seeker,7
@SenToddYoung,7
@phnompenhpost,7
@help_citi,7
@bharat10arora,7
@BBC,7
@DiputadosRD,7
@africanapplied,7
@Jhpiego,7
@letstalkmed,7
@MalaRRiaInfo,7
@opigojimmy,7
@james_rockall,7
@USAIDâ€¦,7
@HPA_MV,7
@UNSriLanka,7
@Atwine_Diana,7
@AP_Noticiasâ€¦,7
@pahowho,7
@WHOIndonesia,7
@AStopMalaria,7
@SheetalSilalâ€¦,7
@plus_socialgood,7
@DeptofDefense,7
@BioMedCentral,7
@InisCom,7
@Plasticdoe,7
@PiNGlobalHealth,7
@SM_Learn,7
@elissabairdX,7
@andymac2272,7
@RequinPatate,7
@GlobalFundâ€¦,7
@ABC,7
@PastMedHistory,7
@EcoInternet3,7
@jamieamartin1,7
@Dattaamit11Amit,7
@SrBachchan,7
@PHN_alliance,7
@GBCHealth,7
@USAIDGH,7
.@JohnsHopkinsSPH,7
@chintskap,7
@ElsaABuchanan,7
@mollyhospital,7
@kaligt55,7
@CNNEE,6
@PeaceCorps,6
@nodako,6
@peoplefor,6
@Google,6
@devexâ€¦,6
@AgainstMalaria,6
@CNN,6
@UbuntuPeace,6
@Rajkumar__soni,6
@epiambiental1,6
@MinofHealthUG,6
@brett_l_carter,6
@edrybicki,6
@PleasureEthics,6
@open_phil,6
@UNDPIran,6
@tiemedoks,6
@Prohaskanation,6
@medical_xpress,6
@JohnsHopkinsCCP,6
@drbhargavirao,6
@AfricanTimesSA,6
@ProSyn,6
@ajplusespanol,6
@WorldBank,6
@Wiredu_,6
@DiariSanitat,6
@maptimemelb,6
@KateMariaGlobal,6
@davidgura,6
@catoletters,6
@FregiaRuiz,6
@vanguardngr.com,6
@Aniya_A,6
@Hidalg0_0,6
@FINDdx,6
@nigeriatodayng,6
@Devcoms,6
@joecarterâ€¦,6
@oe_zoroe,6
@RajCMO,6
@ONECampaign,6
@DIPRRajasthan,6
@bot_progre,6
@RamTuffer,6
@scroll_in,6
@HealtheNews,6
@IPSFparo,6
@GlobalPHObserv,6
@accpchest,6
@OneHealthCom,6
@jaikelhanon,6
@doritmi,6
@ThisMomHCN,6
@JackdeReduvo,6
@IkejaElectric,6
@Fernandogcalero,6
@jmkikwete,6
@BBCWorld,6
@HuyeDistrict,6
@healthmap,6
@zoexrain,6
@USAIDAfrica,6
@Paras_Global,6
@MumsVillage,6
@ElsevierConnect,6
@NSchiettekatte,6
@karlaareyess_,6
@fhi360,6
@MSHHealthImpactâ€¦,6
@micnyams,6
@swahilitimes,6
@rachel_inman,6
@cnni,6
@episph,6
@UMUTONIAnge1,6
"@IsaacFAdewole.

Read",6
@eerlijkesos,6
@PLOSCompBiol,6
@TAAFoundation,6
@DoubleEph,6
@mhdjns,6
@argenman_cat,6
@dbchantal,6
@nieke_aereta,6
"(@KIKIClothingGH)

Any",6
.@DrTedros,6
@pulzo,6
(@RecoverInfo),6
@OVHEnergy,6
@SalmaJavidKhan,6
@Novartis,6
@yahoo_italia,6
@rtoledosj,6
"@ADDU_CS
Senior",6
@msimire,6
@PMI.gov,6
@SWGirlsSoccer,6
@drnic1,6
@SueDHellmann,6
@mcgillu,6
@Ottagonia,6
@theugandatoday,6
@FlavaFlavswife,6
@IndiaHistorypic,6
@FrankieParrish,6
@theIRC,6
.@nigeriaeiti,6
@BudgITng,6
@misterboboskie,6
@4eyedmonk,6
@Ta100T,6
@boud1smâ€¦,6
@nytimes,5
@MSF_ITALIA,5
@ParasitologyELS,5
@EcoMineriaVE,5
@steveo,5
@GaetanBurgio,5
@globetrotter1_,5
@switchtohealth,5
@caretoclick,5
@sangerinstituteâ€¦,5
@HelenaJacobs,5
"@ONECampaign,",5
@JamesJMurray1,5
@CMOGuj,5
@Nthabi_Vee,5
@MPPSaludâ€¦,5
@ForumHSPH,5
@Sterlinghosp,5
"
@Sterlinghosp",5
@joerogan,5
@StateDept,5
@Planeta_Futuro,5
.@WHO,5
@PAHOFoundation,5
@nicolalungu,5
@PolokwaneReview,5
@CD2transform,5
@HUMaracaibo,5
@MoH_mv,5
@JoanLSoler,5
@NIAIDNews,5
@JoseGijon,5
@joecarter,5
@mihotep,5
@ItsMainaKageni,5
@MinkailAdesoji,5
@MikeBloomberg,5
@_nuerte_,5
@AndaTahu,5
@WHOEMRO,5
@nimishasharma65,5
@kmvnarayan14,5
@HVoilet,5
@SciDevNetSSA,5
@japantimes,5
@MailOnline,5
@LSHTMpress,5
@TC_Africa,5
@WorldHungerDay,5
@UCLGlobalHealth,5
@datGuyKOFO,5
@qzindia,5
@_DAGOSPIA_,5
@psieyes,5
@tatertotfreak97,5
@Paigepilgreen,5
@TB_UITB,5
@AntimSoni6,5
@svt_nyheter,5
@inshorts,5
@Economicbotany,5
@RiseFacts,5
@NCDCgov,5
@Fmohnigeria,5
@ZeeNews,5
@DrFrankAshall,5
@HenriNyakarundi,5
@libreactus,5
.@WIPO,5
@BIOVentures,5
"@CDISC,",5
@McGillGHP,5
@jbengoa,5
@Nath_Yamb,5
@WHA70,5
@MBHB,5
@Agencia_Andina,5
@MAuroraEstrada,5
@bppwhalon,5
@Irene_Omedo,5
@wfsaorg,5
@IDDOnews,5
@DonaldKaberuka,5
@zeno001,5
@AlexQuinonesR2,5
@phuckthestate,5
@AngelasGardenAâ€¦,5
@neilpX,5
@BellaAlubo,5
@lekwilliams,5
@UN_EWEC,5
@NEJM,5
@EdinburghNapier,5
@EdinUniUsher,5
@marleetichenor,5
@DrDamages,5
@drasatrust,5
@pnud,5
@LopesInsights,5
@zdrapkaaa,5
@LafHub,5
@CaraSantaMaria,5
@bhartendu2206,5
@Poet_Carl_Watts,5
@dimagi,4
@MrHarryCole,4
@GatesAfrica,4
@Rachnas44333777,4
@GoodbyeMalariaZ,4
@VoxNewsInfo,4
@CRS_Expertise,4
@Michaelhawkesmd,4
@Nanowerk,4
@BenBoyd_Monash,4
ðŸ‡¦ðŸ‡º(@ARCCoEBionano,4
@MonashFPPS),4
@VersionFinal,4
@emulenews,4
@MalariaPapers,4
@Emmanuel_Faith,4
@PIH_Canada,4
@agnesbinagwaho,4
@dr_peter_ting,4
@realscientists,4
@InsideLagosNews,4
@MSUnews,4
@NOMO_Repellent,4
@ttmalawi's,4
@Preston_DF,4
@nalwovie,4
@religulous,4
@MarianneOno,4
@sagedapprentice,4
@ellen5e,4
@juliagalef,4
@JustWhatNowWhy,4
@METROFMSA,4
@IAMAT_Travel,4
@edaheineken,4
"@PMIgov,",4
@KarlHofmannPSI,4
@DiarioPrimicia,4
@jaarreaza,4
@washingtonpost,4
@FightingMalaria.,4
@afromusing,4
@Hakingowi,4
@EcoSenseNow,4
@Salud_CZ9,4
@DrTedros's,4
@EpiscopalRelief,4
@thirstproject,4
@SciDevNet,4
@UniteAlbertans,4
@Reuters_Health,4
@Tech4GoodDublin,4
@RT_com,4
@lschecht,4
@rolandoteleSUR,4
@seyilaw1,4
@Yemzine,4
@GOP,4
@KwameKino,4
@WHOWPRO,4
@Mildred_DelRio,4
@Pontifex,4
@O530CarrisPT,4
@stacwil,4
@bibekbhandari,4
@isma_sanchez,4
@amyedunham,4
@CusoIntl,4
@oliviawilson265,4
@MacJordaN,4
@nbstv,4
@GalaRomani,4
@YvonneChakaX2â€¦,4
@TuttaSaluteRai3,4
@andyRoidO,4
@bbellgam,4
@BomzyFibbs,4
@VyasHarikishan,4
@wyegoto,4
@Irenemate,4
@xavigranda,4
@CUGHnews,4
.@Sumivector,4
@Crof,4
@danicatpiss,4
@wellcometrust,4
@Joachimsa,4
@iqbusiness,4
@Kim_Wyrt,4
@ESPID_Society,4
@Creamy_Scoop,4
@nikkiglancaster,4
@HealthZA,4
@EpochArts,4
@bactiman63,4
@eHealthNewsZA,4
@TheStudgeRole,4
@the_sy_guy,4
@HNTweets,4
@BrowningMachine,4
@AWOL_Wolbachia,4
@apunterd,4
@UMDIGH,4
@physorg_com,4
@indiatimes,4
@Everton,4
@premierleague,4
@SportPesa,4
@UCT_news,4
@IUBloomington,4
@hcapriles,4
@MariaCorinaYA,4
@Reporte_gv,4
@XHNews,4
@starsandstripes,4
@gsiwo,4
@Jerusal53393006,4
@Camilian1Sabel,4
@solomongrundy6,4
@BillWhmiii,4
@Billstannard1,4
@sawsharee,4
@Bruchell1,4
@MimmyHayesâ€¦,4
@FerCornejoLeon,4
@Metro_TV,4
@frank_kooy,4
@LyndaOriaso,4
@ByYourLogic,4
@_uttu_,4
@ttmalawi!,4
@wrair,4
@JeanieMajic,4
@Aller_MD,4
@NasMaraj,4
@LayshaLynn,4
@verge,4
@Mandeep_Dh,4
@HakanMBjorkman,4
@BurtonTracey,4
@ludobok,4
@RubySandhuR_UN,4
@Bhekisisa_MG,4
@ShashiTharoor,4
@AamAadmiParty,4
@bloglovin,4
@orbitalesmolec,4
@CCCientifica,4
@IfyAniebo,4
@Netjeretkhau,4
@1CynicalCyborg,4
@Staggfilms,4
@adventuregirl,4
@LaMicroMola,4
@TanjaHichert,4
@AbdulfataAhmed,4
@bukolasaraki,4
@teealawy,4
@HarrietRSmith,4
@LowyIâ€¦,4
@DorothyOtieno,4
@banannnzz,4
@ModernVaccines,4
@UN_Women,4
@LordNigelCrisp,4
@TheStartupEnvoy,4
@hope_found,4
@ombirlakota,4
@AlbertPicado,4
@MathuNdungu,4
@gateâ€¦,4
"Sedunia
@CitaSehatâ€¦",4
@WUR,4
@EstrellaMSF,4
@dondekojo,4
@unicef_nigeria,4
@ucokonmahâ€¦,4
@LagosWatchdogs,4
@pmnewsnigeria,4
@Umuseke,4
@Nayy_M,4
@JamesPurefoy,4
@olusefunmi,4
@nsoro_ugochi,4
@animalresearch,4
@Healthertainer,4
@Goatys_News,4
@CitaSehatJaksel,4
@Phaaeorg,4
@MalariaToZero,4
@TracFM,4
@moh_zambia,4
@RescSuisse,4
@StandardKenya,4
@HumanaHPP,4
@ANDI_Africa,4
@ElivioApp,4
@edpearce080759,4
@genevie2587,4
@nigeriantribune,4
@rvaidya2000,4
@NBPLC,4
@Heinekenâ€¦,4
@anthonyanavhe,4
@kulanen,4
@ClintonFdn,4
@Osekita,4
@unwomenafrica,4
@_AfricanUnion,4
@WorldBankAfricaâ€¦,4
@raelscience,4
@Charity_Today,4
@afalli,4
@UNâ€¦,4
@Insidearewa,4
@DearTosin,4
@naijainfoman,4
@ChildAdvocacyNG,4
@MwananchiNews,4
@MyGovIndia,4
"@ginagh,",4
@ExxonMobil,4
@WellbeingLagos,4
@googlestudents,4
@googleearth,4
@SwachhBhopal,4
@jabirijibril,4
@Otumfour__,4
@graphcoreai,4
@CRITERIOPROPIO,4
@SoraZiZ,4
@24h_tve,4
@ThisIsAfricaTIA,4
@CFR_org,4
@TribunJatim,4
@Marelisevdm,4
@SwachhBharatBot,4
"(@AFP)

Relatives",4
@kokomaster200,4
@dailycaller,4
@TwitterBusiness,4
@GIANTmicrobes,4
@lillydessi,4
@agaviriau,4
@BryanMMoore,4
@UniHeidelberg,4
@GIScienâ€¦,4
@noorimages,4
@Wavaorg,4
@pglassma,4
@angeliquekidjo,4
@MedicoFernandez,4
@LKonugah,4
@thenewsminute,4
@partesos,4
@QuimiJose,4
@1035fmâ€¦,4
@precioâ€¦,4
@googleespanol,4
@gavegi,4
@MEEL_Lund,4
@natepodcasts!,4
@CaracasMetro,4
@SaludPublicaRDâ€¦,4
@USAmbRwanda,4
@RichardWiseman,4
@nosaorobaton,4
@TheWaaph,4
@MHTâ€¦,4
@jeanfreddy,4
@citiesandmemory,4
@KTNKenya,4
@bellanaija,4
@sucastella,4
@SciBraai,4
@jedst1,4
@ghn_news,4
.@rsbellmedia,4
@ukhealthradio,4
@JumiaKenya,4
@WiltonPark,4
@DiablosdeToluca,4
@el_telegrafo,4
@runtodaylight,4
@past_is_future,4
@EricBlake12,4
@AlexSteffen,4
@nytopinion,4
@connieballarini,4
@Takethatdoctors,4
@UNICEFAfrica,4
@juahseDTD,4
@SaludPOTENCIA,4
â–¶@AFKInsider,4
@glassmanamandaâ€¦,4
@CatholicRelief,4
@moh_dara,4
@chappyhakim,4
@fahmi_shabeel,4
@UKenyatta,4
@MbararaUST,4
@PromoAfrika,4
@Globalâ€¦,4
@OpinionYSalud,4
@msciaub,4
"
@BettaEdu",4
@BettaEdu,4
@ldioteque_,4
@MSHACTS,3
@oliviamaiaa,3
@nothingbutnets!,3
@LogicalReterg,3
@LordCropes,3
@SteveMcRae_,3
@carlsmythe,3
@PaulDOlivier,3
@OurIkeja,3
@causticbob,3
@URISA,3
@PaulVCarter,3
@maggieNYT,3
@HumanityNews,3
@MENTOR_Hq,3
@ovsalud,3
@traciiguns,3
@laradiodelsur,3
@MichelSidibe,3
"@globalfund
",3
@SANewsTodayNow,3
@MajoritySpeaks,3
@MrTLexify,3
@MMIC_Melb,3
@DrKillgrove,3
@HumanGeneticsOxâ€¦,3
@MarioSeccoOK,3
@Biniam_A,3
@UNEP,3
@NakateJudith1,3
@263Chat,3
@Akademie_ved_CR,3
@ChemicalScience,3
@sarika008,3
@thedevset,3
@411emilio,3
@MPAlonso,3
@Zientzia,3
@joyonlineghana,3
@siren_victress,3
@MaximumXBball,3
@hoopfunds,3
@ImperialMed,3
.@icfons's,3
@hoopscare,3
@010_Pamplona,3
@Navarra,3
@escepticos,3
@AddThis,3
@ilpost,3
@OxfamIntermon,3
@CNNAfrica,3
@BDliveSA,3
@philanthropynw,3
@joncKTS,3
@TheOlifant,3
@theism_sucksâ€¦,3
.@ASTMH,3
@almightyk9,3
@mawazochallenge,3
@noticias_tvperu,3
@WELLINGTONCHUAL,3
@tycoalberto,3
@JenniferNettles!,3
@BJP4Delhi,3
@ppkamigo,3
@AnonyOps,3
"@lalibela_GR,",3
@TravelChatSAâ€¦,3
@IRILifeSciences,3
@dfg_public,3
@Salud_Global_LA,3
"aÃ±os.

@AS_Monaco_ES",3
@SANParks,3
@rock_KEYuh_,3
@nick_clegg,3
@chiq_ca,3
@hotosmâ€¦,3
@Cahulaan,3
@vectormalaria,3
@annbot,3
@Unitaid,3
@ETravelclinic,3
@ECEWS,3
@cookstovesâ€¦,3
@Meazit_,3
.@bmz_Bund,3
@FightPoverty,3
@_SteveBartley,3
@MalakaGharib,3
@NPRGoatsandSoda,3
@mallikaaaax,3
@RisingPhoenix_7,3
@iam_maria22,3
@flamcatt's,3
@MrVestergaard,3
@UAlberta,3
@CNNPolitics,3
@rodoarico,3
"@Kouchner,",3
"@MSF,",3
@iqbusiness.,3
@jratzer,3
@Ammer_B,3
@Manhica_CISM,3
@diGJamaica,3
@DrumChronicles,3
@Daudoo,3
@bahikiredaraus,3
@missingmaps,3
@desalambre,3
@aliwakariss,3
@inspmx,3
@Wika_ThatGurl,3
@IMFNews,3
@Shanta_WB,3
@DanielBolnick,3
@pdeppisch,3
@Milenio,3
@charlesornstein,3
@MimicaEU,3
@OpenMRS,3
@ThePret112019,3
@AlejandroUCR,3
@Hyspasia,3
@CapitanLeandro,3
@bi_contributors.,3
@markgongloff,3
@DaniellaMicaela,3
@GTCost,3
@ProductJT,3
@Nwanna_Jay,3
@jacobfuredi,3
@manubenas,3
"#AYADE4BETTAHEALTH
@CRSPHCDA1",3
@PcEkanemIV,3
@PauleOuma,3
@RAEng_Hub,3
@MediSieve,3
@rosermarquet,3
@RecoverInfo,3
@Moud_India,3
@PIB_India,3
@Arshad_Daud,3
@WHOâ€™s,3
@wsindetectables,3
@tommigame,3
@benthalpy,3
@AHayatu,3
@EbubeIsaac,3
.@YvonneChakaX2,3
.@UNICEF_SA,3
@yashar,3
@tmtweetz,3
@FT,3
@ColMorrisDavis,3
@Michell71375111,3
@bob_hound,3
@LaneRic185,3
@grenangle,3
@MarkHerron2,3
@chasfax,3
@LibertyDrunk,3
@Elishabenabuya,3
@orna_verumâ€¦,3
@PaulKagame,3
@GSC_Global,3
@keithmartinmd,3
.@AKFCanadacome,3
@StephenMangan,3
@GujHFWDept,3
@MaDailyGist,3
@India4Vaccines,3
@MalariaInAsia,3
@Geigylisan,3
@healthai,3
@Ravina48255381,3
@Milenciano,3
@bimbexy,3
@PutriSurya09,3
@sparks30303,3
@chuckwoolery,3
@laink,3
@terracid,3
@AprilWealths,3
@DSAmbientallara,3
@VandeveldeWim,3
@_AntoineB,3
@Johnston_KellyL,3
@ScottPValentine,3
@SayedAqa,3
@elnuevodiario,3
@Pradeep11943721,3
@BirmaramM,3
@KalicharanSaraf,3
@RajGovOfficial,3
@rpbreakingnews,3
@PMOIndiaâ€¦,3
@ACOffice,3
@medical_xpress)â€¦,3
@asadodedomingo,3
@CDCMMWR,3
@beatricebiology,3
@medicina_udea,3
@medicaaldia,3
@Vghandi,3
@DrJ_WasTaken,3
@jandrew62956555,3
@INDIAN_TOFFEE08,3
@ERC_Research,3
@StephenCurry30,3
@IUCollege,3
@SaludZona1,3
@diego_rojas84,3
@FactsProfessor,3
@NehaSha70376925,3
@COENPeru,3
@Mediabeast3,3
@trekformeds,3
@narendramodi,3
@_dinotshe,3
@IBMResearch,3
@bpaiig,3
bark...@animalplantsci,3
@OpenEnviron,3
@malariajournal,3
@KewScience,3
@WellcomeOpenRes,3
@kellyz713,3
@Fel_blan,3
@pro_aktv,3
@ActualFlatticus,3
@amymcginily_,3
@ArsenalNexus,3
@CarlyCowanX,3
@thecableng,3
@LulitMesfin1,3
@UPI,3
@hyungjin1972,3
@LabRoots,3
@Habiba_Orion,3
@Ayourb,3
@chipharma,3
@absradiotv,3
@Tha_Mentalist,3
@CNNI,3
@SenThomTillis,3
@ZenithBank,3
@trevormundel,3
@MediaplanetUK,3
@wellbeingafrica,3
@WorldVisionUSA,3
@julio_frenk,3
@tcdctanzania,3
"@WHO,",3
@FrontGenetics,3
@MSF_canada,3
@Slalom,3
@c0nvey,3
@teamrework,3
@BonDiaMon_,3
@Mibelis,3
@jmccarty_geo,3
@gregggonsalves,3
@_Data_Science_,3
@ntvuganda,3
@cercadelborde,3
@MedicalworldNig,3
@cherryames1949,3
@jormanceles,3
@levelsio,3
@...,3
@mortein_ng,3
@DrunkenHistory,3
"Malaria
https//t.co/Vvle83H09l
@USAIDAfrica",3
@IMC_Worldwide,3
@TheBWA,3
@USAIDMalawi,3
@WstLondonGarden,3
@PLOSBlogs,3
@chief_ahumuza,3
@AccaddeOggi,3
@robynjwomack,3
@GlasgowGist,3
@Infection_StAnd,3
@ISGlobalorg,3
@CosmoCaixa,3
@bottari12,3
@forevaRedOrDead,3
@kobby_11,3
@ObanaUnderScore,3
@paayaw_w,3
@jherph_twerk,3
@Quophi_Montana,3
@curl_vinIV,3
@yoyotutus,3
@shazzamaxwell11â€¦,3
"
@ben_ayade",3
@_TXmontana09,3
@indoyouth4sdgs,3
@KaiserFamFound,3
@Optimism_hd,3
@tysalihu,2
@PLOS,2
@Dracalous,2
@TamiHoshiyama,2
@apostolicfdnâ€¦,2
@carlitosangulo,2
@htTweets,2
@deathbyanu,2
@DigMichNews,2
@crypt_oguru,2
@GISCorps,2
@URISAVC,2
@Var2Pharma,2
@kylegriffin1,2
@Mewayone,2
@EricBoehlert,2
@JamesMunro5,2
@DianeShears,2
@westham009,2
@SilverAdie,2
@AdamMossoff,2
@MfonnU,2
@smlungpathguy,2
@kenziesolo22,2
@JaredWard4,2
@EMJHematology,2
@EFEciencia,2
@NVICLoeDown,2
@lavozsandinista,2
@DelthiaRicks,2
@AgateyteNicarao,2
@YeguoK,2
@Que_Nomlala,2
@NexJql,2
@PLoSNTDs,2
@TroyCoby,2
@MichaelEddy6,2
@VideoSejarah,2
@Space_Station,2
@Astro2fish,2
@atlasfc,2
@LifeExtension,2
@kidstu,2
@elenagomezdiaz.,2
@eminorcks,2
@DrAnil02,2
.@RichieAllenShow,2
.@RealMediaGB,2
.@PeoplesNHSScot,2
@pheelbny,2
@APMEN,2
@BalearsFCiencia,2
@NDMOxford,2
@Impeach_D_Trump,2
@laure_lindâ€¦,2
@MedicoPressTZ,2
@andy_murray,2
@UlsterUniGES,2
@TeamCaptainJohn,2
@Gleason4plus5,2
@eolander,2
@WhiteHouse,2
@mattyglesias,2
@charlesgoyette,2
@PMO_W,2
@Aash_AFC,2
@ferrariIFROSS,2
@Ironwand,2
@DewjiFoundation,2
@PlanetKBooks,2
@DoctorYou1,2
@CPP_Cameroon,2
@CRTV_web,2
@greg_folkers,2
.@PLOSONE,2
@VaccineChoiceCA,2
@Skyvinsofficial,2
@niceDonaIdTrump,2
@VCUnews,2
@nothingbutnets.,2
@TodayKenya,2
@MSU_Osteopathic,2
@MichiganDOs,2
@BayanQ,2
@IOMSouthAfrica,2
@MonaSfrA,2
@jordanbpeterson,2
@MSNBC,2
@SpeakerRyan,2
@FoxNews,2
@wyn_a,2
@meknowhu,2
@NewsMedical,2
@IOchandiano,2
@SavorTooth,2
@iamek27,2
@InvictosSomos,2
@adamlmorton,2
@gizm0j0e,2
@MeadBadger,2
@SuSaludPeru,2
@Mikel_Jollett,2
@TOIAhmedabad,2
@BlagenLogin,2
@malo_j,2
@UnCastellsMes,2
@benwikler,2
@ConElMazoDando,2
@NicolasMaduro,2
@VTVcanal8,2
@CNNVenezuela,2
@pintofscience?,2
@DarBarcenas,2
@abpnewstv,2
@RailMinIndia,2
@sureshpprabhu,2
@rgohainbjp,2
@akshaykumar,2
@kevinmd,2
@davyfreeman,2
(@NBCNewsMACH),2
@flamcatt,2
(@harvardchansph),2
@stefanswartpet,2
@CMP_sedecentral,2
@congresoperu,2
@BtoBolz,2
@PorAhoraTomas,2
@nana2drake,2
@MAFfilmsforlife,2
@ONECampus,2
@preciouscliffo,2
@jktibenderana,2
@tayOgunseye,2
@Pembury_Tours,2
@SkarTiz,2
@MrEnkapsis,2
@GeoPHL,2
@MaptimePHL,2
@TheRickWilson,2
@Myy_Lady,2
@MahamK97,2
@Henry_3000,2
@UNITAIDâ€¦,2
@joshhhwaltonn,2
@cgtraverso,2
@estoenlinea,2
@ASSEofficielâ€¦,2
@gpconill,2
@azavea,2
@thehill,2
@EcographyJourna,2
@travelcomments,2
@fitih11,2
@ahfafrica,2
@RPPNoticias,2
@HabariLeo,2
@Milequem,2
@DHSprogram,2
@_OScience,2
@Selena_AlonsoG,2
@adilbhatti_,2
@3GHtweets,2
@craigedwardking,2
@JWSpry,2
@DexterRoy527,2
@skylucsimard1,2
@thefutureBiglyâ€¦,2
@AustralianArmy,2
@KharizaAgatha,2
@UBC,2
@Earriffic,2
@elperiodico,2
@DiscoveryComm,2
@HKigwangalla,2
@IAIBOLIVAR,2
@PresiLuismi,2
@myogiadityanath,2
@rrh_journal,2
@JaneG_MSF,2
@Curate_Zed,2
@OmPraka82902306,2
@VasundharaBJP,2
@shahdisha111,2
@MamatAlkatiri,2
@StandUpKompasTV,2
@Pharthimahr,2
@laperlaneranera,2
@sketchingsm,2
@Mrs_Oddbones,2
@walters_10,2
@LatelyChelsea__,2
@uwepidemiology,2
@uwghrc,2
@radiofeyalegria,2
@Sissi_Massari,2
@a_ermetico,2
@FedeAngeli,2
@5risi1,2
@EugenioCardi,2
@gdarm55,2
@gq_gianni,2
@scoRAGGIati1,2
@ar_cavaliere,2
@jacopo_iacoboniâ€¦,2
@AlohaNueez,2
@LuisLopezPSUV,2
@DevelopingNGOs,2
@CMOMaharashtra,2
@UCSF_ARI,2
@VVSLiveFlyer,2
@JeffaStier,2
@tagesschau,2
@medicalmuseum,2
@metrodesantiago,2
@AH_XCIII,2
@Birmex,2
@BreakDengue,2
@BeachPeanuts,2
@JNJGlobalHealth,2
@DustinGiebel,2
@TeaPainUSA,2
@g1rad,2
@LaurayJaviSFco,2
@cecuquejo,2
@LiliRiver4,2
@rgoldbaum,2
@ClaudiaMatt72,2
@IgnacioValle3,2
@natands1,2
@fabiisacal,2
@PdlFuenteRamos,2
@NegroJuanDoâ€¦,2
@jhiattsteele,2
@JamesMNMUK,2
@Ivangoodheart,2
@vivicakuuku,2
@AnibalGarzon,2
@GovHowardDean,2
@Rentokil,2
@americacleanair,2
@FelixSchneuwly,2
@de_sputâ€¦,2
@Snubnose_25,2
@Classic105Kenya,2
@agencia_sinc,2
@CubaEmbaGuatem,2
@nonymousNews,2
@WHO's,2
@JuanMalaga2011,2
@qmunty,2
.@UN,2
@MTatianaAg,2
@dosvecescuento,2
@TRoderic,2
@TonyToAuthentic,2
@mr_tobiloba,2
@infonaija,2
@ReformedBroker,2
@NautilusProy,2
@ramirociencia,2
@bannerite,2
@drflagelo,2
@zaazipong,2
@onmalecon,2
@AlinPiyaya,2
@la_patilla,2
@VeteransHealth,2
@Nahbabez,2
@Dawnie355,2
@OskarMac2020,2
@UNGeneva,2
@gstv_sntg,2
@ACabrera31,2
@biorxivpreprintâ€¦,2
@RealFKNNews,2
@Beanchesterr,2
@sam_basten,2
@JajaPhD,2
@FernandoalbinoG,2
@WHOYemen,2
@UNarabic,2
@UNNewsArabic,2
@WHOatEU,2
@bylenasun,2
@niklassvensson,2
@WIPO,2
@dr_melek,2
@zu_alondra,2
@GidMK,2
@par_papers,2
@Demonpuppy,2
@DrVictorTerreroâ€¦,2
@IvankaTrump,2
@43georgebush,2
@Mobkay,2
@T_FisherKing,2
@ThreeStrandsOrg,2
@cdelbrocco,2
@SaniaNishtar,2
@OsRivera26,2
@SandraKravitz,2
@MaS1banda,2
@cnn,2
@IndianExpress,2
@WACCBIP_UG,2
@PeterBassey17,2
@ben_ayade,2
@Dr_Betta,2
@Deanna_Suchy,2
@Salutesam,2
@FIND,2
"@MaxCRoser.
https//t.co/w3QeNC7A0S",2
@tuale_CA,2
@YahooNews,2
@Riddhigangwar,2
@OREGAND1,2
@dakarsante,2
@KandyPureBabe,2
@DrTedros!,2
@sdopoku,2
@Jeniepha_,2
@cluelesscloete,2
@_Payola_,2
@qtbeauty,2
@AngelasGardenA,2
@IndianInterest,2
@Cochrane_IDG,2
@fhi360research,2
@NigeriaDaiily,2
@GE_Power,2
@GortonMP,2
@TrueblueBritish,2
@Conservatives,2
@Ez4u2say_Janis,2
@Ras_coffai,2
@cobbo3,2
@SRumar,2
@gdmneah,2
@PatrickNganji,2
@MegClement,2
@Charlesthornt,2
@dprogurgaon,2
@cmohry,2
@BDAE_GRUPPE,2
@GeorgeTakei,2
.@MedsforMalaria,2
@ismailimail,2
@Blowoutreach,2
@StuartMcCarthy_,2
@NBCNews,2
@nothingbutnets',2
@BBCAfrica,2
@BraddJaffy,2
@TheIsmailiinfo,2
@88lamaga,2
@livuni,2
@INS_Peru,2
@cortum_club,2
@NaughtyTyler,2
@GuideforAll,2
@harmaidaanfateh,2
@invincisachin,2
@taurianjavac,2
@ptshrikant,2
@TherealKwizera,2
@qzaâ€¦,2
@AMorelliMilano,2
@agorarai,2
@sindivanzyl,2
@Girlish_lava_,2
@ewnupdates,2
@SimranA29531715,2
@anniegowen,2
@bonitas,2
@FedhealthMed,2
@e_faal,2
@AkpanBJ,2
@ayo3889,2
@UNITAâ€¦,2
@DREW_certified,2
@Moudhy,2
@RevoltProg,2
@becasilverstein,2
@mitchellvii,2
@Udare_es,2
@DumpTrump7,2
@antonioguterres,2
@nigmobile,2
@en_natureworld,2
@inakiereno,2
@rezaoktovian,2
@MisionPiar_VZLA,2
@MorphRv,2
@gilbertoartola,2
@EllenKoenen,2
.@monashuni,2
@USFResearch,2
@IPSForg,2
@OSACState,2
@alcojor,2
@Spivonomist,2
@malti_roy,2
@NoahETmoh,2
@iykimo,2
@Immunopole,2
@CRISPR_News,2
@CitronCockatoo,2
@GillesnFio,2
@EthonRaptor,2
@GustavoRejivik,2
@drwaheeduddin,2
@FriendsOScience,2
@brandonrgatesâ€¦,2
@Izzyie__,2
@sighhnicole,2
@joselepere,2
@msfizzy,2
@alpalay,2
@KeeleUniversity,2
@ericshainock,2
@SH_Riff,2
@Sniftex43,2
@SergioADippW,2
@bukolasarâ€¦,2
@wangzjm,2
@UCIrvine,2
@episcopalians,2
@rhulani1baloyi,2
@mnt,2
@africanff,2
@Davinadeazul,2
@JustinTrudeau,2
@juliet_rose35,2
@HealthCommCap,2
@behrouzn,2
@Cesvi_NGO,2
@lupicinio,2
@akpelinordor,2
@PearlyGan,2
@HawaiiDelilah,2
@alnessgeo,2
@j4kewilson,2
@SrimathySriskan,2
@Corriere,2
@TOICitiesNews,2
@NewYorker,2
@NiliMajumder,2
@agbenyuie61,2
@Nixop,2
@carlxsamo,2
@_Goose_Mother,2
@h_grillmore,2
@oncodvm,2
@couldnotagree,2
@vickkytolulope,2
@FarmingTilapia,2
@HutMozambique,2
@musermeku,2
@HistMuseumBs,2
@Malariamum,2
@shugaboyke1,2
@Dj2one2,2
@Amaechi__,2
@MerkleRMG,2
@KentGrove,2
@suspase,2
@Rick97917759,2
@ArthurBundy,2
@CSISKoreaChair,2
@TheRedDevilHQ,2
@m_yadav_ajay,2
@UnitedStandMUFC,2
@ING,2
@TrgdyAnn,2
@dollycent,2
@totominya,2
@GreenAwakening,2
@UNDPaf,2
@CanWaCH,2
@BORN4WIN,2
@kevinmilligan,2
@nationalpost,2
@colbycosh,2
@TwistBioscience,2
@captaindahood,2
@prsdsrnvs,2
@kinganna123,2
@PLOSPathogens,2
@nysc_ng,2
@jag_bros,2
@dawisu,2
@KafuiDey,2
@nothingbutnâ€¦,2
d@,2
@MenziesResearch,2
@Berci,2
@NDM_Papers,2
@WSalinas7,2
@JoshJaMorgan,2
@AyazBuriroPPP,2
@ShatruganSinha,2
@GA68IL,2
@mailandguardian,2
@CondoJeanine,2
@P_Ndimubanzi,2
@thepaulonegroup,2
"#people.""@Jacquiecharles",2
@HBeaucejâ€¦,2
@ConnorSouthard,2
@RBCRwandaâ€¦,2
@emilecontal,2
@biotechinasia,2
@newspatrolling,2
@Abisolom2,2
@SPIEGELONLINE,2
@docmmiller,2
@GanjasmokerCb,2
@Pearl89230145,2
@allentien,2
@DallasBeck5,2
@HemexHealth,2
@ChelseaClinton,2
@RealEmeya,2
@Paras_Globalâ€¦,2
@NstopNigeria,2
@clariant,2
@TeamworkPR,2
@TigersBloodCell,2
@INCIndia,2
@lati0s_,2
@bbrieger,2
@daloya,2
@ansapurple,2
@BishalNath,2
@vestergaard,2
@passantino,2
.@passantino,2
@ToshineSamuel1,2
@phemmmy,2
@teealawyâ€¦,2
@yusufalabere,2
@teejayalâ€¦,2
@FaidatAdams,2
@Kwâ€¦,2
@ThadForever,2
.@ndr,2
@NewmanStreetTV,2
@VancliffDesign,2
@isitjustus2,2
@lindaikejiâ€¦,2
@NovartisFDN,2
@exploretravel1,2
@Quarmzz,2
@dailynation,2
@worldmalariaday,2
@DNHealthyNation,2
@emcleansâ€¦,2
@dailynationâ€¦,2
@vn6,2
@Situmz,2
@emcleans,2
@abati1990,2
@EGPAF,2
@BennyCapricorn,2
@OliverWill1ams,2
@leaphealthmobi,2
@ExpreS2ionB,2
@eastafricatv,2
@MyanmarTimes,2
@APLMA,2
@millardayo,2
@rsbyup,2
@dergalev,2
@GoodNewsNetwork,2
@yuliLa05,2
@sambodhi,2
@pkumarias,2
@vijayrupanibjp,2
@SamOtieno13,2
@Nakkazi,2
@RandomStroll,2
@singharti411,2
@nmcpkenya,2
@ACTFoundation_,2
@jimmypedya,2
@tessascupoftea,2
@Swissmalaria!,2
@lleola_,2
@anandmahindra,2
@vishwamTOI,2
@Infrasx,2
@TrendGizmo,2
@revistanatgeo,2
@BS_Intolerant,2
@nwtls,2
@Sterling_Bankng,2
@shit7001says,2
@yaloru_23,2
@togbuiKlenam,2
@MedsforMalaria's,2
@StandardBankMW,2
@MuyiwaSaka,2
@tubenewsen,2
@20m,2
@GSnotaftershaveâ€¦,2
@ErikSolheim,2
@pawafrica,2
@geekwire,2
@jujuu09,2
@crownagents,2
@GlobalGoalsUN,2
@realDiegoFJ,2
@Ms_Kaissy,2
@DrAshish_Kumar,2
@sesmak,2
"@chikwe_I

https//t.co/ekâ€¦",2
@Corkie72,2
@jacislk,2
@ejiro_ozimi,2
@charityndigwe,2
@ruthudoroh,2
@iamhamesh,2
@PlantainPapi__,2
@noa_rey,2
@COFCoruna,2
@BiochemSoc,2
@Uche___,2
@MSHMarian,2
@RebeccaOrafu,2
@wacuka_,2
@GBLHealthImpact,2
@CarlManlan,2
@oba_igweka,2
@USâ€¦,2
.@USAID,2
@kochimi2001,2
"(@HumanityNews)

News",2
@thalamus__,2
@Paras_HospitalsGurgaon,2
@UNmigration,2
@Bill,2
@UcOkonmah,2
@MalawiLive,2
@msf_field,2
@Ashesi,2
@AshesiSC,2
@koasempa,2
@fmcbagonluri,2
@tksiakor,2
@hepsugandaâ€¦,2
@Frances_NE,2
@chosensomto,2
@twitter,2
@aidnews,2
@EATsackey,2
@Sir_Jibo,2
@CDCKenya,2
@enturnodenoche,2
(@ISGLOBALorg),2
@lyttlefeet,2
@brontyman,2
@TempeChen,2
.@hepsuganda,2
"2017,@RwandaVCP",2
@UR_CMHS,2
@medsar_rwanda,2
@abbexas,2
@rabotanics,2
@BBCEarth,2
@UKMissionGeneva,2
@KAUST_News,2
@noradno,2
@GlobalFunâ€¦,2
@IftikharFirdous,2
@crazybonelady,2
@bizimana02,2
@jennMchoi,2
@MalariaSpot,2
@CUHEBRON,2
@DrRutvij,2
@termiteking,2
@olawunmiakano,2
@idarasmiles,2
"(@daily_trust)

To",2
@AtMIndex,2
@anhcampaign,2
@ConversationUK,2
@SanaABeg,2
@dwnews,2
@_Zinniah,2
@jorgecuervoc,2
@nomasmosquitos,2
@ARAdâ€¦,2
@TanzaniaUpdates,2
@Saludporderecho,2
@pregnacare_ng,2
@FitandskinnyUSA,2
@AitorZuhaitz,2
@NoelCastanza,2
@infermeria,2
@NGTrends,2
@NicolaWardrop,2
@yabatechbuzz,2
@info_Ve,2
@GSnotaftershave,2
@noticius,2
@DailyPostNGR,2
@WURplant,2
@PRupala,2
@sarbanandsonwal,2
@BusinessLiveSA,2
@exxonmobil,2
@JibrinIbrahim17,2
@MalariaVaccine,2
@PrincessLipa,2
@GiancarloBiagi4,2
@Steve4LCRmayor,2
@BloombergDotOrg,2
"""@HONSANDEKENNEDY",2
@UyannaBennTemba,2
@TomArnoldJr1,2
@NafdacAgency,2
@rossrparker,2
@GHS,2
@onthewardsorg,2
@MSFAustralia,2
@AUSSOCMIC,2
@APVDRJâ€¦,2
@MarafaShuni,2
@AWTambuwal.,2
@IsaacFAdewole.,2
@Fmohnigeria.,2
@sandie_billz,2
@KianorShah,2
@Marianitoh144,2
@Bayer4Crops,2
@Bayer,2
@ZABulletin,2
@peacefmonline,2
@amz360,2
@EiENigeria,2
@NphcdaNG,2
@obyezeks,2
@nmanigeria,2
@NOA_Nigeriaâ€¦,2
@Memeghnad,2
@EHPonline,2
@brf77,2
@IshwarParmarMLA,2
@ThunderclapIt,2
@MeredithEtt,2
@belhavenng,2
@TransOceana,2
@TrafficChiefNG,2
@muchman16,2
@MsTyma_,2
@iamMlu,2
@MikaleDublae,2
@TasMindset,2
@NearFutureEvent,2
@oldmatedutch,2
@HCameronGH,2
@CanadaDEVâ€¦,2
@londonna99,2
@SephamidBF,2
@donlaz4u,2
@AfrYPoD,2
@talkhealth9ja,2
@Mister_Tolu,2
"#everydaything
@MalariaNoMore",2
@GAH_Clubs,2
@Pensioenspook,2
@PieterJan16,2
@LudwigBollaerts,2
@JohanDieryckx,2
"#everydaything
@Obi_Empress",2
@SomalilandSun,2
@3fo_Selormm,2
@MCSPglobal,2
@a_wollman,2
@HollyKirk,2
@BeritaPapua,2
@saperescienza,2
@NewsCrab,2
@Skhomo23,2
@KIKIClothingGH,2
@dr_michaelmarks,2
@cidrzinfo,2
@MiF_Nigeria,2
.@MoHBhutan,2
@AlexTackie,2
@jackiestoy4,2
@VickyDoro,2
@KBS_FRB,2
@Naveen_Odisha,2
@tribunjatim,2
@vectorologist,2
@daniturcanu,2
@YipImpact,2
@Agenpress,2
@gm_pharma,2
@peace_RM7_,2
@ChaiPeeniHai,2
@LearnEnglish_BC,2
@PaddyJManning,2
@MSF_Sea,2
@GrahamJClifford,2
@CarterCenter,2
@USAIDZambia,2
@apnnewsindia,2
@JohnsHopkins,2
@QualityForum,2
@elespectador,2
@77DOGB,2
@tcdctanzani,2
@JoseManuelR,2
@mmnjug,2
@Chydee,2
@jaenil,2
@Aqui_Israel,2
@SemanarioAurora,2
@kingsepp,2
@radioportofeliz,2
@Kopanyang,2
@Value4Brand,2
@pollythatch,2
@ELUniversal.,2
@Causarma,2
@ferzuloaga,2
@pitupintos,2
@VaninaPapa,2
@Imperial_IGHI,2
@KathMaitland,2
@Imperial_ICCARE,2
@Africa_IsRising,2
@tweetMOPOL,2
"""@USEmbassyAbuja",2
@TeemGodfrey,2
@CastanetNews,2
@MsShellSchubert,2
@lisabriercliffe,2
@asyrfdnl,2
@fikryahmad81,2
@Tableau,2
@BASFAgro,2
@UMCommunication,2
@AVLoficial,2
@ISSSTE_mx,2
@ijang_jude,2
@yeyoadbm,2
@AndrewCatsaras,2
@BillGates?,2
@QBINZE,2
@kobina__,2
@MI6Ranger69,2
@dhairyapujara,2
@DonaIdTrumpUSA,2
@onyebii,2
@ONU_es,2
@coolfrancess,2
@usatoday,2
"recuperating""@YSGNG",2
@team_empower,2
@SANTIAGODELMORO,2
@inumconference,2
@Kinshasablogge1,2
@vdtcomms,2
@SBAgov,2
@SBALinda,2
@Itairusike,2
@CWGH1,2
@MoHCCZim,2
@compassion,2
@qz),2
@InformaDoroS,2
@KevBosire,2
@GIScienceHD,2
@temite,2
@Laurie_Garrett,2
@DigitalGlobeâ€¦,2
@NiaLong,2
@niilexis,2
@mukeshtaneja,2
@jvsk3,2
@shuvankr,2
@ostintl,2
@MissWorldTime,2
@DolapoJohn,2
@Naâ€¦,2
@MalalaFund,2
@AmerMedicalAssn,2
@dna,2
@VaccineNet_NG,2
@DavidMiles66,2
@DyingCamelGames,2
@UNICEF_Nigeria,2
@ZimbabwePics,2
@PHYLtastic,2
@ifakaraheath,2
@andradjaafara,2
@q33r4,2
"(@Mapbox)

Over",2
@Patophoya1,2
@tonytmak,2
@jordannnastaz,2
@UNICEF_Benin,2
@LordOreos_,2
"""@ElUniversal",2
"#NgHlth
@AkwaIbomOnline",2
@cmrondon@juliocastrom,2
@lounicooorn,2
@cannupener,2
@AFPAfrica,2
@AniShakari,2
@USNatArchives,2
@EmbEspNamibia,2
.@CooperacionESP,2
@_LeadNXT,2
@tinkafrica.ng,2
@AlesiaRodriguez,2
@LeonelFernandez,2
@funmiistic,2
@NHSChoices,2
@precious_enyi,2
@Virus_pluto,2
@eHealth_africa,2
@MpanjuWinnie,2
world.....@hellomotortv,2
@AutoJoshNG,2
@LandRover,2
@autotainment,2
@Mabuyakualbert,2
@fighttoendmalaria,2
@scinet_it,2
@ConversationUSâ€¦,2
@Andy2Dobson,2
@visionpaper,2
"@GSK,",2
"@MalariaVaccine.
https//t.co/1HWcIIKEx0",2
@AnnaRheaa,2
@CYRUS_Em,2
@Digg,2
"@tinkafrica.ng
https//t.co/V3LMQoHItH",2
@gobiernocontra,2
@cjsienna55â€¦,2
@Dokpey,2
@maspiyuuu,2
@Soligenix_Inc,2
@UNICEFAngola,2
@dhamytee,2
@fantasystarboy,2
@KenPledger,2
@SaudiMOH,2
@RadioVZ,2
@Ozone_Sama,2
@gobiernomiranda,2
@bailey_bernice,2
@USAIDRwanda,2
@AusAmbASEAN,2
@LSTMResStudents,2
@ejeh_michael1,2
@DoctorKarl,2
@ABHTweets,2
@Nuwaha17,2
@MattEAShardlow,2
@ImogenBurt,2
@EntsocAmerica,2
@ScienceMarchDC,2
@MSUCollegeofAg,2
@Noellacc,2
@streetkidsfndt,2
@nusantaranewsco,2
@Pismie1,2
@jitu_vaghani,2
"(@SalmaJavidKhan)

Worldâ€™s",2
@fl,2
@MamaYeMW,2
@Botanygeek,2
@CooperacionESP,2
@MysteriousNunu,2
@ToyinSaraki,2
@NatureEcoEvo,2
@mobilityy9,2
@Chikwe_I,2
@AsanteAfrika16,2
@publicsenat,2
@BrownBagPantry,2
@infirmierSNPI,2
@montsedelpozo,2
@SeemaJJIC,2
@daiadalbem,2
@watermicrobe,2
@ELUniversa,2
@Synth3r,2
@volpattop,2
@idIesworship,2
@MisbourneGeog,2
@sanket_dhanani,2
"(@TimHarford)

This",2
@BishalK69786126,2
@guido19pizarro,2
@Tuzos,2
@rock_pix,2
@RhemaFound,2
@MifOlive,2
Colectiva.@fundasaludsucr3,2
@EdwinRojasM,2
@TrendsParisitol,2
@drew_tavendale,2
@JamiiForums,2
@ghcorps,2
@The13Apostle,2
@NGOAidMap,2
@MajoMatassi,2
@Nazarena_c,2
@ICF,2
@Rfabada,2
@brankobrkic,2
@Nanamiel,2
@owenbarder,2
@UCT,2
@llareo,2
@elmundoes,2
@CharlieCWâ€¦,2
@jennevergrowsup,2
@SavetheChildren,2
@LadyPau_,2
@IBBTEC,2
@Tu_IMSS,2
@INSColombia,2
@cuatroporvzla,2
@ManiapureF,2
@SciAnouk,2
@biswag,2
@KwaraInfo,2
@Kwara247,2
@KwaraTrends,2
@THBInitiative,2
"@UITH
#WorldMalariaDayâ€¦",2
@GenioCriador,2
@floro_ceballos,2
@CherylOfficial,2
@great_impact10,2
@STASocSub,2
@simonwada,2
@PEPFARCaribbean,2
@DrSenait,2
@ECON_cl,2
@mikel,2
@AlegriaAmbGambo,2
@zango70,2
@rsudtamansari,2
@malia_alonzo,2
@hamadababutain,2
@JayCaruso,2
@Big_Data_Raj,2
@HHSGov,2
@jeSuis_noir,2
@royandrewng,2
"@PATHtweets,",2
@tableauâ€¦,2
@USAID_OIG,2
@NextEinsteinFor,2
@helmerroids,2
@CarrmEl_,2
@AfricareSenegal,2
@p3p3toni,2
@nimi_ayo,2
@Nanjala1,2
@AmaliaBlanco2,2
@Easy_Branches,2
@auteurjanjansenâ€¦,2
@tybrokesign,2
@EmilyAcheson1,2
@JeTKerr,2
@TOJ__,2
@THETlinks,2
@SMCMVCD,2
@SrSiniestros,2
@JesseMaxPriest,2
@Anne_NavyorDie,2
@unicefssudan,2
@mapbox,2
@Donvix,2
@ANativeOutlaw,2
@marynmck,2
@JuliaBritto5,2
@USRealityCheck,2
@AshDykes,2
@uanl,2
@leilaisi,2
@CityofKigali,2
@Marriott,2
@AFKInsider,2
@VR_Village,2
@senhor_mancuzo,2
@FAOKnowledge,2
@edin_EID,2
@ISNTD_Press,2
@blicqer,2
@richardbranson,2
@da5e4acd77ba4ff,2
.@ajtmh,2
@jonlachman,2
@IamDrSID,2
@DONJAZZY,2
@Pulmon_de_Susan,2
.@NIAIDNews,2
@NIAIDFunding,2
@ucirvine,2
@ucsandiego,2
@ucsf,2
@ScienceTM,2
@magdalakoff,2
@MarieNiemann52,2
@YahwehAmour,2
@anitadona16,2
@PoliticalHedge,2
@joanneccharles,2
@Zenndragon307,2
@williamlegate,2
@clairebcole,2
@MarkLGoldberg,2
@INAWoH_,2
@PlantWorldNews,2
@BeccyBurleson,2
@PMIgov.,2
@carpe_diem0820,2
@RSKJ_BKL,2
@karmandabynes,2
@jubidotcom,2
@AriorOlolade,2
@KenyaLaughs,2
@ProMED_mail,2
@WorldsBestNews,2
@eisen,2
@MelanesiaPapua,2
@daktari1,2
@PamojaUK!,2
@frankmugisha,2
@Nimisha26894791,2
@iamAderonbi,2
@reliefweb,2
@JSIhealth,2
@AIDSFreeGen,2
@mashanubian,2
@MediaplanetIE,2
@WPI,2
@SDJuaraJogja,2
.@PaulKagame,2
@aidsgap,2
@zidabouâ€¦,2
@TosinadedaMedia,2
@EdinburghUni,2
@GlobalHealthGP,2
@sa_poulsen,2
@GenomeBiology,2
@dneafse,2
@energywatchng,2
@Vichekesho_254,2
@econet,2
@iicedimburgo,2
@1897QuinineGin,2
@JamaKadija,2
@DsuAmethi,2
@rahulmishrainc,2
@WorldVisionEARO,2
@coxsingh,2
@GrayJayStudios,2
@texanatheist,2
@jdyoung_101,2
@ThePreachAround,2
@GenPharaohAli,2
@USAIDNigeria,2
@francecorte63,2
@grassyknoll_,2
@Chika_Lovsy,2
@mercachifle8,2
@designindaba,2
@Divafony,2
"@CRSPHCDA1
@mdfnigeria",2
@mediatrix70,2
@raultoran,2
@Thumbelinarh,2
@unimelb,2
@UncleAyobami,2
@JohnsWesterns,2
@barbiesewandsew,2
.@BloombergDotOrg,2
@gudswildhuke,2
@EdwardBarberOFC,2
@VOFNNiger,2
@smsaideman,2
@algorithmia,2
@salud_cojedes,2
@shhaaaaaaa,2
@najihahfauzi96,2
@BTS_twt,2
@christinawilkie,2
@julesserkin,2
@Da_MaK_G,1
@FriederikeKrick,1
@CordMeier1,1
@norwichruesse,1
@Tegaski,1
@NancyPelosi,1
@undispatch,1
@Amref_Kenya,1
@NEPHAKKENYA,1
@KenyaGovernors,1
@sanchx,1
@Limpopo,1
@SouthAfrica,1
@okonjithelma,1
@DadaBen_,1
@The_Xandra,1
@luz_para_Vzla,1
@Câ€¦,1
@submergingmkt,1
@LouiseMensch,1
@OhioAMF,1
@newsfondue,1
"@JuanManSantos,",1
@xvnthe,1
@mytiyoapp,1
@Medium,1
@zinny_leee,1
@DreadPhil1,1
@OfficiallDee,1
@AnaMovinet,1
@correasoy,1
@usnews,1
@philgunson,1
@AlexandraUlmer,1
@Exagerardez,1
@AaronMezzotero,1
@Nedu64,1
@TeedarRed,1
@OfficialLAGUNS,1
@SickChicOrg,1
@joaoleitao,1
@Brahim86559597,1
@nickvalla,1
@ANMOLKUMAR1999,1
@BallouLab,1
@Dushyantlksec,1
@WillemTait,1
@museminaliR,1
@E_squared54,1
@thatsknotmaname,1
"(@Culturizando)

La",1
@SouthPawFaust,1
@CitytvNews,1
.@UBC,1
@BladderCancerMe,1
@SpecialtyPTimes,1
@PLOSMedicine,1
@M_F_Carrasco,1
@pepeberenjena,1
@MonederoJC,1
@ccifuentes,1
@DrMartyFox,1
@aundyx3,1
@dailypostngr,1
@Maiaamee,1
@sgalpin,1
@CancerCureNow,1
@Mundo_Municipal,1
@Miguel_Pizarro,1
@joseemitchell_,1
@WriteOnSteph,1
@ScienceAlert,1
.@StephenCurry30,1
@Proplr,1
@peter_t5,1
@caesius,1
@kkruesi,1
@ZednanrehTrebor,1
@crave_ada,1
@elmoreno_x,1
@0x424c41434b,1
@NonProfitBlogs,1
@TutoUhiaAlcalde,1
@FernandezAnibal,1
@PRBdata,1
@Seva_Foundation,1
@contremeningite,1
@Diane_in_Tucson,1
@FasilYilmaT,1
@TafenoquineT,1
@ChumelTorres,1
@sciencealert,1
@Legendarios,1
@indianeagle,1
@sudorpunk,1
@edxonline.,1
@lofalexandria,1
@FakeBoobsNews,1
@CamilaNuniezz,1
@savingfilm,1
@mfw_official,1
@NOMO_Repellen,1
@bprerna,1
@JettuJagga,1
@NellSco,1
@sarahelago,1
"@AshDykes,",1
@DoctorChristian,1
@Eljay_AFC,1
@APTNNews,1
@Phollukeh,1
@soyAcademia,1
@Betto_Avalos,1
@Bobbychu3,1
@NovelliGnovelli,1
@SirMechi,1
@_O_O__O_O,1
@WeatheRach,1
@JulesKemper,1
@nrsrelief,1
@tananetting,1
@Bandini83,1
@Vanshi_007,1
@KgcuteeeTrust,1
@VidhiTy,1
@lovlyrini,1
@akkik8,1
@preetidagar4,1
@akanksh59725576,1
@Capricorn_Luv28â€¦,1
@abcnews,1
@Anamcara2015,1
@RealGich,1
@wetsuitbob,1
@josefra1975,1
@Noticias_para,1
@Anandacoomara,1
@freshboitimi,1
@CSLscience,1
@Reportes24H,1
@PortalCubasi,1
@MallonTech,1
@peng_enough,1
@BallsForAfrica,1
@anupinder,1
@rwandasouthern,1
@DianeGashumba,1
@StefandeKoning1,1
@trumpsterMG,1
@silParacchini,1
@grightford,1
@sydwellmahlaule,1
@Djbrianrikhotso,1
@zeehphoo,1
@ChaukeMatimu,1
@commschols.,1
@codyscarter,1
@JMGardnerMD,1
@Mellow_Central,1
@gastonzilli,1
@RT_America,1
@IntelligentDad,1
@SophiaFrentz,1
@aCristina_Chis,1
@KirkegaardEmil,1
@PietroRotbart,1
@gTownPsycho_,1
@andreassoridis,1
@kuirab,1
@healthtrendds,1
@MalariaWorld,1
@nylgk,1
@JumbaGivan,1
@MmboneMercy1,1
@Ben254V,1
@kevinkuria17,1
@Milele_FM,1
@thehawkseyes,1
@village_ngo,1
@ncdaction,1
@OITrailwalker,1
@Batgirl_resists,1
@ajplus,1
@gmoncu,1
@Doc_Phuti,1
@globalacademyhs,1
@odontoespacio,1
@Mr_Drei,1
@ZBCNewsonline,1
@gwalax,1
@ZANUPF_Official,1
@KELLY9698,1
@PNWShan,1
@VOANews,1
@fakegimel,1
@RealShinski,1
@nachoaraujo6,1
@Gormogons,1
@paolayampey,1
@elkballoloco,1
@Pornjers,1
@RoseAcademies,1
@UNDP4Youth,1
@UNDPAfrica,1
@UNCpublichealth,1
@UNRefugeeAgencyâ€¦,1
@VirgilMize,1
@LatoyaNkuna,1
@E_xcelsior,1
@securityaffairs,1
@hacks4pancakes,1
@tmpcare,1
@SchulzBra,1
@NatGeo,1
@Albafica_GS,1
@sixbellscamb!Antarctica+malaria+swimming!â€¦,1
@DrMairoMandara,1
@PainesReason,1
@ndabek,1
@bringingradback,1
@theatheistcodexâ€¦,1
@IrvineWelsh,1
@NathaOlivera,1
@JohnRealSmith,1
@faisalislam,1
@CllrBSilvester,1
@AdrianJ_Leon,1
@AkramaMianoor,1
@Martiniie,1
@LealtadAzul,1
@AficioonAzul,1
@Legado_Azul,1
@FuerzaAzulFc,1
@ShaunRatcliff,1
@postlive,1
@BenSasse,1
@lanaschola,1
@BeyElite,1
@ICONZT,1
@PostPunkPussy,1
@aIreadyfading,1
@juicycaturra,1
@Healix_HHS,1
@RemoteMedical,1
@EsSaludPeru,1
@Chloey001,1
@chrisperezz7,1
@CSIS?,1
@micatelechea18,1
@NTDResearch,1
@merckgroup,1
@whomstami,1
@El__yeffrey,1
nepotism...@phnom,1
@king_talent,1
@CentralMosquito,1
@DevynBarrieNews,1
@ottawastart,1
@ilyseh,1
@PartidoPSUV,1
@ViceVenezuela,1
@teleSURtv,1
@FullRevol268,1
@Offylia,1
@AvianMalaria,1
@jddneary,1
@Contagioradio1,1
@PCN21,1
@Devex,1
"fumigadores
@DARIFAL86
â†’â€¦",1
@USAndIndia,1
malariaðŸ”’@statnews,1
@MayoClinic,1
@USEmbassyKRT,1
@CleanMed,1
@SoroptiTweet,1
@barsenn1,1
@Da_Costa_city,1
@nombonisogasa,1
@PLOSONE,1
@nychealthy,1
@ozanbingoll,1
@ReutersVzla,1
@AlexandraUlmerâ€¦,1
@josetorohardy,1
@StephanieSimon_,1
@SarahKohlMD,1
@NiksDavid,1
@Kurt3838,1
@drvivarora,1
@Ms_Francon,1
@lluviaenmarte,1
@Kabrona,1
@FlyingDoctorsNG,1
"@YourAnonNews
NOTICE

Cholera",1
@PrmativApostate,1
@DrDebTravelDr,1
@Planetaâ€¦,1
@frabz24,1
@JOSEMAKESHIT,1
@powerm1985,1
@ElisabethEklund.,1
@MSNewsToday,1
@ElneilSuzy,1
@theG4Alliance,1
@safesurgery2020,1
@RCObsGyn,1
@rcsi_cosecsa,1
@InvasieveExoten,1
@AnneKuik,1
@bitterRedsfan,1
@bunnie1129,1
@kkrymnd,1
@SaminSyd,1
@ATOxley,1
@EstrellaNoa,1
@deehas28,1
@GayPatriot,1
@unknowncorner,1
@imshekhar,1
@KanchanGupta,1
@knowlesss,1
@vinetrust,1
@tonypox,1
@Writter_Naina,1
@Emishaw8,1
break.@WHO,1
@abebegellawâ€¦,1
@iaeapact,1
@CulpritEnter,1
@BeurreAMoule,1
@fvckinalien,1
@Living_Yemen,1
@JulioBorges,1
@Fideljrp,1
@tuiteros_vzla,1
@TuiterosDLaFaja,1
@MambaNegra_4F,1
@LaZurdaDeChavez,1
@PRODEEGY,1
@Cherechy,1
@geokaycee,1
"malaria
@steveo",1
@TerlizziGerardo,1
@justinecosby,1
@psMendes_,1
@andbhold,1
@staywellworld,1
@Ritecare_mc,1
@redsteeze,1
@AlanGarciaPeru,1
@aHEM_again,1
@kenburbary,1
@TrueFactsStated,1
@umcmission,1
@NigeriaInfoAbj,1
@OPSOMSMexico,1
"#Paludismo
@opsoms",1
@__gershom,1
@gIumkid,1
@ashbeelopez,1
@BWHiHub,1
@dawitkidanework,1
@NyandukoCynthia,1
@aluniwan,1
@KlatieD,1
@olurogba,1
@ellendonaldsonx,1
@ASSEofficiel,1
@sabinvaccine,1
@Oluwabamise__,1
@kristindownie,1
@Javier_Alarcon_,1
@pallaviprsd,1
@TheQuint,1
@bail,1
@SeanGeoghegan,1
@Allscience1,1
@SchoolofShap,1
@devendrone,1
@SundayWorldZA,1
@melindagatesâ€¦,1
@GlobalFundWomen,1
@ekemma,1
@AIDSHealthcare,1
@GFadvocates,1
@solazed,1
@NACANigeria,1
@CiSHANNational,1
@EVA_Nigeriaâ€¦,1
@DengueInfoAsia,1
@vnuek,1
@CronistaVolante,1
@radioconvos899,1
@LeadershipNGA,1
@outrojefferson,1
@igihe,1
@djimenezli,1
@Margaritarosadf,1
@MaasoMc,1
@WilliamJHague,1
@PaulFlynnMP,1
@willquince,1
@YvetteCooperMP,1
@HuwMerriman,1
@DerekThomasUK,1
@WillGoodhand4MP,1
@PaulBlomfieldMP,1
@Ed_Miliband,1
@UgandaMediaCent,1
@Olearyccs,1
@gaby30575,1
@hugbelpsuv,1
@OctubreRojo2012,1
@Travellâ€¦,1
@realdealdanny,1
@Elamantis01,1
@TIRANDO1010,1
@pillolarrea,1
@F_Bertolini,1
@RuizFr88,1
@juanjoacevedo7,1
@mrposi_,1
@Olanrewaju_Max,1
@MrGustav_,1
@monday_feelings,1
@gingerbums,1
@Sjukhuslakaren,1
@mochileros2p0,1
@LSHTMarchives,1
@mariannethyssen,1
@EpochTimesDE,1
@tolstoievski_ed,1
@labourpress,1
@lNVlSIBLES,1
@AmSocParasit,1
@FunnyPicsDepot,1
@ThePatDowney,1
@Cernovich,1
@MaibachEd,1
@Mason4C,1
@docsforclimate,1
@TalkStuffNG,1
@uvmvermont,1
@Jorgelopesuar,1
@squidgerydee,1
@r2rnow,1
@THISDAYLIVE,1
@Medindia,1
@tankipvibe,1
@dharblue,1
@LMGforhealth,1
@konfrontasi_,1
@MoskitoWearES,1
@exquisite_miss,1
"abualnour88@gmail.com
Thank",1
@luisc36,1
@luishdzmatador,1
@e101p,1
@SundayTimesZA,1
@ufeellucky,1
@ViscountRedmund,1
@ValerioDeC,1
@Cathrah241,1
@tortugo020,1
@carlucas956666,1
@historiacrepite,1
@TamiHoshiyamaâ€¦,1
@ivnmeidical,1
@AlDiaCat,1
@Diilated,1
@PharmaReview,1
@ScienceDailyâ€¦,1
@IndiaToday,1
@Oddy4real,1
@uonhealthservic,1
"@YouTube
https//t.co/4kUpxv5QM4",1
@MariePVilla,1
@J_Ackva,1
@StanfordEnergy,1
@infosalus_com,1
@MartinDougherty,1
@HeheWaitWhut,1
@bradisterrific,1
@heyimfilipa,1
@PrensaLatina_cu,1
@SurgeNewsFlash,1
@RaicesPeronista,1
@EnOrsai,1
@sara8smiles,1
@TheclownBozo,1
@littleUmbreon_,1
@PoppedCulture,1
@shanedingman,1
@CribbOwens,1
@WildSage4,1
@Happy2BHooping,1
@lykanthea,1
@pagliabot,1
@leadership.ng,1
@alejobostero,1
@naranjali,1
"
@GiftoftheGivers",1
@Ravel_18,1
@aliaahx3,1
@ZonaRojinegraYT,1
@josemagarrido,1
@MedChemNet,1
@janegodia,1
@Kenyan_Woman,1
@carltonkirby,1
@char331,1
@ADIC33,1
@GoHealio,1
@Cyndera,1
@itshimola,1
@AlisonAbbott6,1
@ISP_Bolivar,1
@dpradhanbjpâ€¦,1
@theevanrowell,1
@mattmilli15,1
@Catchmaster,1
"drainage
dinesh.botany@gmail.com",1
@radiojreng,1
@Josh_hm73,1
@waaromweetikdit,1
@auriferous13,1
@SeanFaganBooks,1
@prepaid_africa,1
"
dinesh.botany@gmail.com",1
@mickblackwell07,1
@SueBreen6,1
@Kylejc32,1
@JALGUERRERO,1
@fundacionantama,1
@asebio,1
@JonLaake,1
@helse_og_omsorg,1
@PremiumTimesng,1
@astar_research,1
@IzarraDeVerdad,1
@CocretasDeMadre,1
@ferrer_mario,1
@theaish21,1
@diemelamed,1
@wef,1
@ricardo_hausman,1
.@mosquitojoe,1
@caribbeannewsuk,1
@Lenna_b2st,1
@richardojob,1
@guardianecoâ€¦,1
@OCR_Geography,1
@BBCNews,1
@LiamJUpson,1
@An0nKn0wledge,1
@BmoreNigerian,1
@teocorbe,1
@Apollo_MX5,1
@MalwareTechBlog,1
@Sciencemagazine,1
@georgiatech,1
@Tharyeebah,1
@ProSciInc,1
@britsocimm,1
@AliMaig40844220,1
@lahoraecuador,1
@MyHealthMyHome,1
@NSsebagala,1
@DTrumpExposed,1
@StefanoDelleFon,1
@BeaLorenzin,1
@Mz_Kamsy,1
@DeeCayy,1
@UnDzKiTwitte_,1
@GGravdahl,1
@janetika1,1
@ThePerezHilton,1
@El_Produ,1
@takhalus,1
@Jan_Legend7,1
@Libertarian_DE,1
@uwsph,1
@zaya_dy,1
@miquel3g1,1
@KateAllatt,1
@LabPaz,1
@DrSEShinde,1
@smartkdmc,1
@TajinderBagga,1
@MinervaVitti,1
@badass_w,1
@Slimzronke,1
@IamVinka,1
@MTurismo,1
@Dustinmet,1
@Televisa,1
@univision,1
@Canal4Ni,1
@gobertolima,1
@OscarBarretoTol,1
@sedtolima,1
@arnoldogasperi,1
@Juliococo,1
@_moarts,1
@Senor_Ola,1
@KaizerRise,1
@BGWPodcast,1
@JNewblatt,1
@GloDeportivo,1
@Andre_Gomez10,1
@musiquefreak,1
@devex,1
@FingersUpforDT,1
@kayleighmcenany,1
@pepxabiagen,1
@mgenomica,1
@ksidwell44,1
@PaulaBertol,1
@martinschenk,1
@dorothy020butle,1
@globallpg,1
@ExceptionalNRG,1
@OlaseniOladejo,1
@gueixxa,1
@Papa_Irf,1
@Submarinersea,1
@fullbright,1
@austin_walker,1
@jinxedjalopy,1
@AnnePfitzer,1
@GopiKallayil,1
@periodicoaragon,1
@PharmAccessOrg,1
@CarynLonz,1
@lightsontroye,1
@omimargo,1
@Mozziebites,1
@MDPIOpenAccessâ€¦,1
@psddluva4evah,1
@Kennymack1971,1
@ForestPark4Ever,1
@BrettArends,1
@FaktanyaAdalah,1
@EpidemiologyRR,1
@blessed1shanae,1
@RealBristolNews,1
@BadmanTej,1
@boolsen_luca,1
@PiratesWife82,1
@MsKunatai,1
@oubMR,1
@andyguy,1
@DeanoMartino1,1
@ikeswetlitz,1
@Chillednigga317,1
@_aseelaltayeb,1
@smooth_the_gawd,1
@JustGlut,1
@DeeYouAreAyeInâ€¦,1
@interfluidity,1
@MikeMegisis,1
@ramesh3001,1
@joanwalsh,1
@kj_mestre,1
@Fiona12Moss,1
@Dinky_ADL,1
@TheNamibian,1
@telesurenglish,1
@TheSwogBlog,1
@DaytimeRenegade,1
@LC_erfgoed,1
@sneuperdokkum,1
@colincarswell_,1
@SpaceMedic,1
@H1T3K,1
@DonNadeau,1
@eatlivetraveldr,1
@DCWriterMom,1
@always5star,1
@2travelingtxns,1
@suziday123,1
@MoMo_SanDiego,1
@MyVirtualVacaâ€¦,1
@protistologists,1
@raydaa_algary,1
@UNAM_MX,1
@MedCiencia,1
@LaPrimera889,1
@WKagochi,1
@newvisionwire,1
@JobsAtPATH,1
@eNCA,1
@otimcalvin465,1
"ðŸ˜‚ðŸ˜‚ðŸ˜‚ðŸ˜‚ðŸ˜‚ðŸ˜‚ðŸ˜‚ðŸ˜‚ðŸ˜‚ðŸ˜‚ðŸ˜‚ðŸ˜‚ðŸ˜‚ðŸ˜‚ðŸ˜‚ðŸ˜‚
@theaventurine",1
"why.
@FLOTUS",1
@Seyi__,1
@saithethyme,1
@latigolatigus,1
@save2lives_1op,1
@PastorJohnHagee,1
@NoticiasMVS,1
@bill_easterly,1
"@bill_easterly
https//t.co/vMa9JImxKj",1
@paolucci40,1
@MonicaVteleSUR,1
@claseaparte1,1
@rodrigmar,1
@metalchick22,1
@Jessica_Tonwe,1
@EspacioViral,1
@MARlAONlCE,1
@heterostraight,1
@jamiemoffat,1
@JDfromCJAY,1
@Mhdude1Mhdude1,1
@Raheena_A,1
@Chennilewhite,1
@YouTube.,1
@MeckeringBoy,1
@nidhimohan9811,1
@LutumbaP,1
@ZaminIqbal,1
@alimanfoo,1
@Medicopress,1
@fredrik_t_k,1
@Drelick8,1
@greatwhizz10,1
@kevmwachiro,1
@PantsFreeZone,1
@eviblancato,1
@MisterElion97,1
@OtakuJudge1,1
@DAVIDROMEROVARA,1
@gulzdorak,1
@trendswap,1
@ICLHealth,1
@ScrotoTheGreat,1
@OluyomiOjo,1
@joan_mutenyo,1
@castillo_vzla,1
@AnjaKolibri,1
@umbrios,1
@Contalito,1
@FakeWallyHall,1
@hfkais,1
@junichel,1
@golbin,1
@melmel45_,1
@unviecurz_daiki,1
@ZuluWanyama,1
@jenniefrench95,1
@RamonESME,1
"@PLOSONE,",1
@CooperacionIB,1
@aliasvaughn,1
@ManMet80,1
@albacodutti,1
@Notimex,1
@prinzgbemi,1
@odenibo,1
@teye_r,1
@Doctoriduniya,1
@SangyeH,1
@MetricButtload,1
@scottlincicome,1
@V_Andriukaitis,1
@EU_Health,1
@europeaid,1
@UNinBrussels,1
@WHOUkraine,1
@UN_Ukraine,1
@OMS,1
@mattmfm,1
@RaoulWootliff,1
@OrtizFaiman,1
@graceorsomethin,1
@csmccaffrie,1
@greggchadwick,1
@U2?,1
@cyrstanlanea,1
@_smash14,1
@crader76,1
@SethDavisHoops,1
@Report24CA,1
@wordstionary,1
@DownFrontArtist,1
@jrzv68,1
@MCDItweets,1
@SpaceWeather101,1
@Farmaplus_ve,1
@Nanotechnology,1
@yceek,1
@ConnerBeaty,1
@JoachimPhoenixx,1
@justonlyjohn,1
@fnjaush,1
@AggyMsupa,1
@NdegwaJohnson,1
@kennyelder2,1
@Redboy_Official,1
@vivian_aluse,1
@oncaffeine,1
@ArturoBro_K,1
@JimmyKimmelLive,1
@gop,1
@kgusler,1
@obandoprestol,1
@504_kidddd,1
@CharlieParker41,1
@Rebecca_Cusey,1
@GabyVerdier,1
@U2...,1
@RojosdelAguila,1
@IreneAdlerCal,1
@Axtrein,1
"cool.
@malaria",1
@KennyJob,1
@Ennaidcures,1
@themainichi,1
@VABVOX,1
@apatagonicus,1
@Just_Midzi,1
@arunsingh4775,1
@calebfranklyn,1
@ravishkt,1
@SenToomey,1
@SteelToeTruth,1
@HANDS1979,1
@HANDSInt79,1
@shaikhtanveerah,1
@qamar_shaikhâ€¦,1
@emretuzer,1
@ecuniversitario,1
@narumita,1
@victor_masaiti,1
"""@ActualidadRT",1
@gittabrian,1
@shafikdevillier,1
@LechuzasTLF,1
@ScribbleLive,1
@dinkesokuselatan,1
@PMIKotaBogor,1
@Blood4LifeID,1
@JohnnyMcNulty,1
@CobaltStreak,1
@Adunni_xx,1
@SamHarrisOrg,1
@Ss8293741Sweta,1
@UNinIndia,1
@ShagMasterTYBG,1
@Keithkaratts,1
@NOS,1
@JIHaidar,1
"@bill_easterly
https//â€¦",1
@shehryar0603,1
@BlackPanthaaYT,1
@j2491,1
@davidridwanbetz,1
@JusticeCanadaEN,1
@Dembiile,1
@sunraysunray,1
@GidgitVonLaRue,1
@RebelWilson,1
@Jasonsammer,1
@bibekdebroy,1
@David_McNair,1
.@davidnabarro,1
@Rosie,1
@dfat,1
@meurinne97,1
@PlafhcSalamanca,1
@mbuyu_,1
@AnnaLDavis1,1
@louizea,1
@PlazaPodemos,1
@MedpharmPubs,1
@daudi_simwinga,1
@SlideShare,1
@biorxiv_genomic,1
@MaxOgburn,1
@brianwantz,1
@mairinmurray,1
@AlienWardrobe,1
@uncensoredIII,1
@mylcheng.,1
@malemenist,1
@flotus,1
@POTUS44,1
@OUFreeLearning,1
@Kyubeyyup,1
@ItzCole,1
@AprilDRyan,1
@blossomozurumba,1
@EzraelAni.,1
@jaguarard,1
@Absa,1
@sm1high,1
@JACKS_N,1
@TCashhasspoken,1
@anotherperiod,1
@AIT_Online,1
@Mcjessiey,1
@_Bahdejo,1
@okolizmaine,1
@Makie_ETH,1
@vaishnaroy,1
@CapitalCellNet,1
@sandromarcos7,1
@los_replicantesLa,1
@Naanm_a,1
@cagozi,1
@csi_wulan,1
@priya4876,1
@6000,1
@GrumFromNorwich,1
@Rosewind2007,1
@gant_richard,1
@kidoctr,1
@Charbrevolution,1
@jdawson38995,1
@waynerohdeâ€¦,1
@LibreSalud,1
@nacho991960,1
@bboughtonFNC,1
@SamFeistCNN,1
@Abs_NBC,1
@NTANewsNow,1
@MailOnline.,1
@MarkUrban01,1
@RoundLike,1
@lheinkel,1
@Flaacaa__,1
@Danne_3333,1
@ishamdc,1
@margbrennan,1
@MarthaRaddatz,1
@SandraGud,1
@DOTW_UK,1
@Raquiglam,1
@HombreLento,1
@Queen_Europe,1
@UCC_India,1
@AkhwaleWillis,1
@LOJI_CAL,1
@madhukishwar,1
@LobeLog,1
@MikaHild,1
@iafricatravel,1
@ICONOREOLUWA,1
@TheMedusa__,1
@maathek08,1
@SaddickAdams,1
@calestous,1
"forward..
https//t.co/Y8qVba2Fsr
@IndianExpress",1
@greentempleton.,1
@BOsterath,1
@ginnykc,1
@COVERGIRL_SHINE,1
@sirmichael901,1
@piersmorgan,1
@Alex_Grey_x,1
@lynseychutel,1
@jmollel,1
@calâ€¦,1
@91shagun,1
@Trippy_Nomad,1
@malarianomorek,1
@DatoSugerido,1
@n_m_king,1
@MmabyOge,1
@winoviea,1
@P_ssu_kE,1
@NthAmiot,1
@SAgovnews,1
@Donkool_,1
@cibervoluntario,1
@Katelet,1
"tips
https//t.co/8cvfzqyODr
@I_Am_Gurgaon",1
@Gurugramer,1
@gurgaon_live,1
@nigeriajoblist,1
@dede_ciz,1
@cathedral13,1
@UNAUK,1
@MOWDAFA,1
@Anisa_Hajimumin,1
@mirakamdar,1
@drjaameh,1
@PINS2015,1
@lejanebu,1
@dadakim,1
@RedwolfBC,1
@notâ€¦https//t.co/lk97wC2t2z,1
@nderi_j,1
@MayorK_jhonson,1
@LarryLeeWillia4,1
@DeedeG23,1
@jgownder,1
@billmaher,1
@CornelWest,1
@davidfrum,1
@34,1
@MikelConde1,1
@ddcampista,1
@seldingerjames,1
@alvaro_molinos,1
@Abeleter,1
@cabriLoR,1
@ibzugasti,1
@AfricaMediaHub,1
@anne_ezeh,1
@CostinCercel,1
@MinogueMelissa,1
@drgilwatson,1
@cutemimi,1
@CarolineV_Smith,1
@EtiquetadoYa,1
@RefugeesChief,1
.@RuddO,1
@Sanfermin00,1
@LoverDemocracy,1
@iingwen,1
@GUNNYG2002,1
@ValerieJarrett,1
@MichelleObama,1
@UcheDandyMUFC,1
@theMJA.,1
@globalfund,1
@pmigovâ€¦,1
@Paulhaider74,1
@SoyReferee,1
@WHO_Europe_RHN,1
@WHO_Europe_HCN,1
@nanimiranda2014,1
@agenciasinc,1
@gdeflaux,1
@curranart,1
@DelirumTremems,1
@trueviralnews,1
@Oaxaca_Digital,1
@heycbiblee,1
@cbs11jack,1
@CBSDFW,1
@DKamuya,1
@McLiberty11,1
@KyleKulinski,1
@amggebre,1
@Louiseontwitr,1
@de_sputnik,1
@TMZ,1
@Trinadores,1
@The_Proteus7,1
@scwscwscw,1
@GeneralesdDgo,1
@PiratasCampeche,1
@gregmocker,1
@PIX11News,1
@WGladstone,1
@povertycure,1
@cronica_viva,1
@DIRESA_Ayacucho,1
@Radio_RBCFM,1
@phaikyeong,1
@CDC_AMD,1
@lafforfact,1
@Lovethpie,1
@bistandsaktuelt,1
@donnalisa379,1
@JCesarArteaga,1
@pkumamoto,1
@AristotelesSD,1
@PRI_Nacional,1
@soulchildPsalmy,1
@johncitysq,1
@realist2016jlp,1
@Tonysmi84070351,1
@pumpkneatr,1
@efvogelsang,1
@JPShalvey1,1
@Root4Change,1
@_DianaPrince_WW,1
@Billybobtnâ€¦,1
@GENbio,1
@MuthokaTito,1
@UNICEFSL,1
@sam_kriss,1
@WrongAce,1
@vinterflamma,1
@padhalikha,1
@KenyaPower_Care,1
@jucanbla,1
@nigerianhive,1
@tribuntimur,1
@Muwulya_Moses,1
@patentbuddy,1
@celmi909,1
@4,1
@MedLabMG,1
@africareview,1
@kanak_news,1
@Thobanie,1
"(@ONECampaign)

""People",1
@NigerialogC,1
@DukeGHI,1
@MedBunker,1
@disinformatico,1
@tomek_wyszynski,1
@AwakeDeborah,1
@StephenHerreid,1
@brojohnrusso,1
@ajudhista366,1
@discovery,1
@Kaylachi1,1
@Discovery,1
@marcusambat,1
@Bro_Pair,1
@flux_nomad,1
@frenchrevivaI,1
@sociolingo,1
@AfricaCDC,1
@Caafimadka,1
@ACHT_Zim,1
@martinselina78,1
@KNectAfrica,1
@pereiro_ana,1
@ManCorchuelo,1
@Malâ€¦,1
@HeysannaHosanna,1
@Datdramakween,1
@BodyBagnall,1
@UCLEngineering,1
@EPSRC,1
@oyeleye731,1
@ebirimobinna,1
@priyankachopra,1
@voguemagazine,1
@Healthyliv3,1
@Ghscientific,1
@MTNGhana,1
@EromoEgbejule,1
@MacHealthy,1
@annecreaton,1
@SatoMasahisa,1
@PMOIndia,1
@HMOIndia,1
@CMOfficeUP,1
@MehboobaMufti,1
@AnferneeLlanos,1
@PlayGrâ€¦,1
@JesuisMeow,1
".@matibabu8

#Hardware",1
@ASMEishow,1
@USAmbIndia,1
@isanidad,1
@llewelyn_morgan,1
@ein_news,1
@epochtimes,1
@PatentDocs,1
@wwwervelwind,1
@tpooknl,1
@baspaternotte,1
@britishgaming,1
@QuintonNii,1
@DaherC,1
@Antizombies,1
@mexicanoorg,1
@perihocicazo,1
@antoniopr50,1
@lmoraleslawyer,1
@alexsanmonmx,1
@RALPHTWENTYONE,1
@Jucardicreâ€¦,1
@DrTedros',1
@hay_kay_ess,1
@RobHavard1,1
@suesustainable,1
@usmaan139,1
@estrogenon,1
@45GrabdMyCuntry,1
@FactsVsOpinion,1
@aussiecamel9745,1
@michaelhand67,1
@ShannonDiffer99,1
@badzoot7,1
@SuzieQT11,1
@EMcCra2,1
@DesireeSeattle,1
@katieicunurseâ€¦,1
@NiallSF,1
@defenceforces,1
@Roche?,1
@SltCnmg,1
@YvetteG24707719,1
@jyester55,1
@healthaceng,1
@The_NHSA,1
@qzaf,1
@hugh_bothwell,1
@hottiethottie_,1
@MrKoolodo,1
@katjakaos,1
@UgandaSOS,1
@mahimachaudry11,1
@BoblawBlizzy,1
@isnaendy,1
@depokterkini,1
@bonusmaxi,1
@AnonymissNegra,1
@oliveirasofia31,1
@dianerocks52,1
@lulaba40,1
@julietkego,1
@cahulaan,1
@JIMYLASERENA,1
@Mbrownp,1
@eldia_crivera,1
@celiapunkpop,1
@GolazoRSB,1
@SofieLowenmark,1
@joseconciencia1â€¦,1
@FrontPageHN,1
@itgsalud,1
@WebStartupGroup,1
@WorldVisionGH,1
@centrulceh,1
@soniyag85264844,1
@ernestogfa,1
"(@ernestogfa)

Congo",1
@LeoUzych,1
@AleyFarooq,1
@fenton49,1
@surfingandrew,1
@WMCGX,1
@nehasharma8988,1
@DanBorno,1
@AIIAmericanGirI,1
@vanemodi,1
@BoreAron,1
@OurRadiantEarth,1
@openstreetmap,1
@MonashCfb,1
@globalissuesweb,1
@RoySparringa,1
@African,1
@FacundoQuirogaD,1
@La12tuittera,1
@Tato_Aguilera,1
@Sportia,1
@kibblesmith,1
@Senghendrake,1
"(@gilbertoartola)

Basura",1
@KNsajju,1
@nrkorringa,1
@suusj,1
@puppymnkey,1
@iSanidad,1
@theTBTF,1
@halconesdnorte,1
@MashiRafael,1
@UniIbadan,1
@weir_molly,1
@agatamicia,1
@marevalo,1
@LSanidadPublica,1
@NextBillionHC,1
@Vibracobra23,1
@clarincom,1
@truthsearch1957,1
@Senate,1
@jaredkushner,1
@FBI,1
@DOJ,1
@Congress,1
@KellyannePolls,1
@SCOTUS,1
@FLOTUSâ€¦,1
@AntifaGamerGate,1
@KalrajMishra,1
@sidharthnsingh,1
@alex_serri,1
@apizzzzzzzz,1
@uoCoopCareers,1
@team4charity,1
@OxfordMedSci,1
@KatheLuq,1
@Alexis2694,1
@GlobalHealthCorps,1
@CIEMTOUdeA,1
@PervHeartOfGold,1
@Sweetzce,1
@laurennmarieh,1
@projectdelta_1,1
@UncleTK__,1
@kingdennisgg,1
@iruka_okeke,1
@comicrelief,1
@ThisisDavina,1
@AIMSEDUCATION,1
@AmazingPhil,1
@sagartirgar2,1
@HIV_Insight,1
@Yhumike,1
@DickMorrisTweet,1
@bundeswehrInfo,1
@BundVeteranen,1
@DBwV,1
@TheLionness8,1
@evelynkeene1,1
@MattBruenig,1
@islandboy1900,1
@justyna_roslon,1
@paolaturci,1
@Erica_Noor,1
@PillsBury101,1
@CFArgentine,1
@rermultimedia,1
@ripios2013,1
@MyJobMag,1
@Castro_AnaLaura,1
@straangeface,1
@justjobsng,1
@VRWCfounder,1
@michaelmalice,1
@SenBobCasey,1
@paddypower,1
@bensw,1
@freedarko,1
@RachaelTyrell_,1
@Illinoisgal43,1
@TTElectricMonk,1
@mangomaxima,1
@AnnCoulter,1
@BugsAreScum,1
@sanjeypuri,1
@bravimabasta,1
@Axmar75,1
@lauraboldrini,1
@UNHCRItalia,1
@unhcr,1
@Montecitorio,1
@Refugees,1
@RefugeesMedia,1
@derekp098,1
@AshleyJudd,1
@africansnakedoc,1
@RedNoseDayUSA,1
@djalienpr,1
@epicsaster,1
@ACUEDUCTOSPR,1
@RepublicanRehab,1
@RojarRalf,1
@mlanger,1
@Kloppholic,1
@jk_rowling,1
@OozMaster,1
@IDrizzyB,1
@silverpebble,1
@CRCrafts,1
@rednoseday,1
@Lucianarivanera,1
@vaidarumavolta_,1
@llance,1
@NoleLifeFam,1
@godlessteach,1
@CrockaBananas,1
@justdanilinn,1
@grenangleâ€¦,1
@GuitarMan59LP,1
@UMmedschool,1
@Violetfab,1
@NayLahKnee,1
@pittgriffin,1
@concienciaeco,1
@unitedMongrels,1
@dpomondi,1
@Temms__,1
@newsycbot,1
@summerbrennan,1
@prototype2222,1
@NewsfusionApps,1
@889BrilaFM.#SSG,1
@Codclark15,1
@RCowface,1
@Medical_Impact_,1
@PresidenciaRD,1
@RodrigMarchena,1
@SaludPublicaRD,1
@Wolf_S_Punk,1
@MariLenaEffe,1
"@RaulModestoCastroRuz,",1
@reflexionfidel...,1
@theoriacongreso,1
@Sulthern1,1
@_Waleedah_,1
@ChrisPerkinsDnD,1
@ananavarro,1
@RadioFreeTom,1
@JoyAnnReid,1
@chrislhayes,1
@robreinerâ€¦,1
@intuslegens,1
@ikeswetlitzâ€¦,1
@GarNettSKM,1
@taremwatadeo,1
@GillesKLEIN,1
@RadioCanadaInfo,1
@un,1
@potus,1
@JulianLlorvandi,1
la@docta,1
@MassamTam,1
@ScienceFuture1,1
@RoguePOTUSStaff,1
@horaciorlarreta,1
@mauriciomacri,1
@jmcperezperez,1
@el_shahbaz,1
@KhusbooSaxena,1
@TimJesudason,1
@Fiâ€¦,1
@Boss_Player_,1
@wmassamgrimson,1
@Alt_Budget_cuts,1
@bronaghsimpsonn,1
@samantha_ross26,1
@gamespot,1
@ASMicrobiology,1
@ernstjankruis,1
@skinnergj,1
@starsandrobots,1
@EthanZ,1
@AbuelodeNiul,1
@Sebacanalla1889,1
@muriodeasco,1
@SHMeeples,1
"you
@MalariaStampsâ‰ï¸...

@VisitOmaha",1
@diostuitero,1
@EU_Commission,1
@gobiernoespa,1
@laurastefanyf,1
@RoyalFamily,1
@royalsociety,1
@ABCbirds1,1
@herbsandeyes,1
@and_kell,1
@autismepi,1
@susan_welch7,1
@kahasane,1
@MK_Chrappah,1
@piesie_kan,1
"(WHO).
@ama_media",1
@DarkAngel78178_,1
"(@DarkAngel78178_)

FG",1
@rickwtyler,1
@abena_bn,1
@malaclei,1
@Rev_Carpenter,1
@Lualvarez,1
@GboruM,1
@kinshasaweb,1
(@WHO,1
"maÃ±ana?
@lelsito",1
@TheSophoria,1
@democracynow,1
@ggreenwald,1
@aroradivya91,1
@real_avocados,1
@LarryEKlayman,1
@KanishkaThaku13,1
@chelseahandler,1
@CindyVelascoT,1
@Avianca,1
@EduGunner4,1
@srperezpolanco,1
@TanuVer09702939,1
@hsnrza627,1
@thevainaddict,1
@science,1
@jherrera123,1
@unezeamadi1,1
@ketan72,1
@pbpost,1
@brunelldonald,1
@ManiaMaiden,1
@ILRI,1
@veri_ferrer,1
@luisduco,1
@LiberalIsland,1
@PaoloGentiloni,1
@goldenconceptng,1
@karinaCalmet,1
@AP),1
@fakeNSWMC,1
@RediTlhabi,1
@pcmperu,1
@DiarioElPeruano,1
@OPSOMSPeruâ€¦,1
@RussellDeffner,1
@hâ€¦,1
@ziiieraa,1
@antibloom,1
@heatherswifty,1
@lalibela_GR,1
@MhondoroLodge,1
@realDonaldTrumpðŸ‘ŽðŸ¼ðŸ‘ŽðŸ¼ðŸ‘ŽðŸ¼ðŸ‡ºðŸ‡¸,1
@AustinTurner232,1
@NigeriaItJobs,1
"(@NigeriaItJobs)

Country",1
@EAPNes,1
@selling_drama,1
@Financialwatchn,1
@soyunajennimas,1
@GE_Africa,1
@silverrich39,1
@Uppington,1
"specialist,Call@",1
@a_b_o_x,1
@Naam_not_found,1
@truthserum21,1
@rahconteur,1
@africahealth1,1
@NL_Official,1
@WHONAMIBIA,1
@WHOEthiopia,1
@WHOMalawi,1
@WHOUganda,1
w/@SylvieManguin,1
@Odysseymedic,1
@topealaka,1
@Kimyerm_,1
@DANEELKANG,1
@gfrdsinbea,1
@kmjynxx,1
@DuhemLydie,1
@WilMandala,1
"""@beehazel_eyes",1
@JudifaminMeep,1
@ngopijakarta,1
@rpatricknolan,1
@MLilil0,1
@Ms_Hajaar,1
@franlesg864,1
@ngrTrends,1
@GHS_HealthPromo,1
@Joy997FM,1
@White_African1,1
@EnginArikan0,1
@BakshiMahima,1
@snehalataj,1
@HW_Hobbies,1
@MSF_SApress,1
@EDEZXP,1
@KingTruestep,1
@REnlightenment,1
@ValeSalvatelli,1
@ABFArticles,1
@_michellemcginn,1
@blazing_cross,1
@DayneWayne,1
@ToyinO1,1
@DrJoeAbah,1
@shopkonga,1
@angew_chem,1
@RoySocChem,1
@Lauratxylor,1
@ryanjgrant1,1
@selinapaton1,1
@WhitehillGeo,1
@marthahill_,1
@kewgardens,1
@UNKBiol106,1
@mafimusshkila,1
@Dr_Oguntayo,1
@TheOnion,1
@TOIHealthNews,1
@carlosg_mezar,1
@IMSouthAfrica,1
@NandosSAâ€¦,1
@HealthEconBot,1
@kalpnayadav274,1
@mxddiesmith,1
@Chikatilo_,1
@globetrotter,1
@SuryaRay,1
@DerrickJaxn,1
@educaixa,1
@syah_fire,1
@Cody__Ryan,1
@desusandmero,1
@larrywilmore,1
@Karuruso,1
@marielardilla,1
@Mojss_A,1
@PeterKilmarx,1
@robert_lyman,1
@BigDaveTsv,1
@Rahma_sadau,1
@Somyaya42366969,1
@Awgostina,1
@ganenomueran,1
@nknewsorg,1
@yllekellyllek,1
@SfAMtweets,1
@Gemmaeccleston,1
@ednahjacksons,1
@KayaJones,1
@isragom7,1
@RevistaMSP,1
@Saddler_91,1
@KulturBloggerin,1
@SafaricomFDN,1
@OfficialArole,1
@madsdaug1,1
@dotiedorothy1,1
@TabiJoda1,1
@martintetaz,1
@hernanpablo,1
@07_rebeccasharp,1
@TiniDo,1
@Fischblog,1
@simoneclark8462,1
@AP_Noticias,1
@FeryfeyGuardia,1
@FluTrackers,1
@acacias38_tve,1
@SajdakCzeslaw,1
@cheryltunts,1
@ForceChange,1
@kuraine,1
@OkohAmodu,1
@MASTAClinics,1
@Smoda,1
@YUNWHX,1
@osbornecsue,1
@Krakn3dfx,1
@shinobi602,1
@GAF_Hoje0308,1
@IAmJamesTheBond,1
@TieKneeMH03,1
@lucyjamesgames,1
@JossandJose,1
@followlasg,1
@TailorMadeLawnsâ€¦,1
@WFPHA_FMASP,1
@stevekovach,1
@RedIsDead,1
@thexeon,1
@MohammadFarooq_,1
@lalalandiez,1
@Kolarovesque,1
@Mandzb_,1
@eliasmgf,1
@SW_VA11HALLA,1
@RedLetterGamer,1
@camoufrage,1
@Maioo95,1
@darionavarro111,1
@Ned_Cray,1
@noessano_org,1
@FundacionMAGA,1
@ThaZeppo,1
@Radia_a_a,1
@AshleyMerkleRMG,1
@goddamnedfrank,1
@josexhuman,1
@lawhawk,1
@goddamnâ€¦,1
@OttawaMarathon,1
@steve_hanke,1
@smoda,1
@cotejoinfo,1
@KloppEscoria,1
@AnkitaK72036341,1
"@k_satyarthi

What",1
@Trolasodemierda,1
@sciencedaily,1
@FREE_NKOREA,1
@1Dogs_doing__,1
@isacaces,1
@riccardobottoni,1
@Roligup74401642,1
@BrookeBCNN,1
@francesharris0n,1
@RadioU1023FM,1
@bschriv,1
@MQSR_PERU,1
@omoekun01,1
@jrugerio,1
@cryoport,1
@ubcnews,1
@YashikaMalhot11,1
@Will_Buchan,1
@paget_old,1
@dw_espanol,1
@NonUtopian,1
@pamandangiet,1
@ChrisManwell1,1
@vmmadrid,1
@Nina_I_Kelley,1
@Bartonella,1
@fabinfos_1,1
@CdnChange,1
@susanbetty01,1
@Reisvraagbaak,1
@jondrori,1
@k_roberts6,1
@rinnovabiliit,1
@Securityconcern,1
@xinarinvortex,1
@The_UndeadAngel,1
@YourPalRags,1
@stillgray,1
@HotspurRelated,1
@Neil_I_Am37,1
@ANYAEKEKEHINDE,1
@AdamsFlaFan,1
@codiiiiiiiiiiii,1
@RaulCastroR,1
@Gio_NoFui,1
@lecho,1
@CecileBerthaud,1
@AngryCambodian,1
@UAlberta_FoMD,1
@theturk,1
@NHP_INDIA,1
@DrSarahBHealthy,1
@GallicKing,1
@CloudyObsession,1
@LeoGordonHowler,1
@vallens,1
@Microbiology_LR,1
@Bubbles_NGS,1
@Nataliiee_N,1
@Health24com,1
@KeelinMadden,1
@Jeffypdizzy21,1
@axedraver3,1
@PeeSparkle,1
@BBCBreaking,1
@ACSHorg,1
@PHAC_GC,1
@InspirinGirlsE,1
@cglucio,1
@elmundoesâ€¦,1
@WCMPGLASGOW,1
@UBCâ€¦,1
@MaqPaulM,1
@plan353,1
@amciencias,1
@YvoneChaka---,1
@FUribe20,1
@GurageFirst,1
@PlanCanada,1
@StateOIG,1
@OIGatHHS,1
@PublicHealth,1
@jmayer0716,1
@LeftIsEvil,1
@AO_ASPIRE,1
@EcoHealth13,1
@sci_journalism,1
@romstar1066,1
@HOWFoundationNG,1
@Regrann,1
@iam_polan,1
@HorizonMagEU,1
@EDCTPâ€¦,1
@StanbicIBTC,1
@SarahLSKarafiol,1
nÃ£o@tinha,1
@MLP_officiel,1
@Yasss_mohd,1
@Geckoella,1
@SDGoals,1
@lamarshall,1
@AStopMalariapor,1
@iWOâ€¦,1
@JCRnEDITORS,1
@FLChanthunya,1
@GETConsortium,1
@dailyfamilyng,1
@Vontadeh,1
@Acosta_82,1
@ibciâ€¦,1
@whykâ€¦,1
@CombS_officiaL,1
@NoelAlCubo,1
@LilyT32,1
@Pope_alorgy,1
@Nigeâ€¦,1
@Splâ€¦,1
@Eaglâ€¦,1
@IMOduware,1
@Cheerful_News,1
@giveawayrayu,1
@CesarRosasM,1
@Mr_Queen08,1
@citizentvkenya,1
@security_iam,1
@gsdiallotw,1
@GCDSavingLives,1
@Africare,1
@worldmalariaday.,1
@Piechocinski,1
@GOURMANDlSES,1
@peterwalker99,1
@Holbornlolz,1
@OperationBrush,1
@joselatorrev,1
@melb4886,1
@WBG_Health,1
@abbvie,1
@MoetiTshidi,1
@EmiliaJM,1
@NewsDayZimbabwe,1
@RedAkabane,1
@kabrosky,1
"2baba,@DH_Adoyi",1
@Malaria,1
@HealthThink,1
@eHealth4every1,1
@THINK_md,1
@TopLogan77,1
@wuaffel,1
@radiobakhita,1
@ManoGov,1
@sumitsaurabh,1
@RyanAFournier,1
@Gilvernet,1
@boscox69,1
@SheLovesArtemis,1
@bigthink,1
"#everydaything
@MalariaNoâ€¦",1
@CiciRussell,1
@AmbitiousGlrL,1
@FranckDumetz,1
@SOFIAGAVIRIAC,1
@scottruegg,1
@El_Scrumpo,1
@HopeStillFlies,1
@ShewHerbal,1
@Lrihendry,1
@vividbiology,1
@Bony_athy,1
@MleziM,1
@ApeweDivai,1
@GhettoRadio895,1
@DjDaboTrabo,1
@spapadeh,1
@YannMSF,1
@MsOkeowo,1
@Alc_GuanipaR,1
@pedrompsuv,1
@UAAR_it,1
@ojilimawomen1,1
@Agamfec,1
@Rod_lopez,1
.@SpiritAirlines,1
@Kenergie,1
@Unpersuaded112,1
@Ty_Fregz,1
@meganmalleyy,1
@bugJ,1
@SpiritAirlines,1
@aforismi_tweet,1
@Casaafrica,1
@IMglance,1
@instapharm,1
@9_11_IsAnInside,1
@PoojaSandali,1
@prensafmp,1
@Misioâ€¦,1
@@enlacejudio,1
@kekivr,1
@davibrasilb,1
@SPOTNEWSonIG,1
@transformag,1
"#GoodNews!

@YayGoodNews",1
@Arbitro_La_Hora,1
@JuanCapela1978,1
.@Fmohnigeria,1
@SphpnYps,1
@Nursingworld_Ng,1
@HealthFolk,1
@TemitayoE,1
@asktoks,1
@TheHealthZoneNg,1
@nmcpnigeriaâ€¦,1
@kelseycucumber,1
@Madam_Nyobi,1
@lovrega,1
@JoseCruz12,1
@JosefinaVM,1
@shexrated,1
@Kordoneando,1
@Ariel_Ferro,1
@lgbtcerseis,1
@chavela_chisme,1
@ifernandez,1
@heatherjones333,1
@Gravityisback1,1
@olasazzy,1
@poskupang,1
@USAIDMadagascar,1
@PatriotPamela,1
@MrsVShuey,1
@PRAISEWORLD_,1
@KristofDecoste1,1
@joshgondelman,1
@ellenlikesbikes,1
@corbynbesson,1
@TTKitten,1
@bhmng,1
@periodicovzlano,1
@EP_Mundo,1
@TheScope,1
@erniebernies,1
@CMathews1998,1
@DRUDGE_REPORT,1
@abjajakolas,1
@Martina,1
@OJesusBro,1
@iycrtylph,1
@JGfortwayne,1
@Cruz_Azul_FC,1
@GUCCIPUCCII_,1
@tweetieswirry,1
@Sadeekhassaan,1
@Dispersed_Knowl,1
@hujane,1
@CharlesMBlow,1
@valeriebabize,1
@Nine_Banal,1
@RobertChin14,1
@JacobJohnson37,1
@DylanCooper83,1
@SimonStewart89,1
@Sophiajones86,1
@CharlieCamden,1
@IamEllen2,1
@auronplay,1
@VictorAfrica,1
@princessayama,1
@DiscountedVaca,1
@BAnewsng,1
@BayerenMexico,1
@natmuamba,1
@Cumberlandblu3s,1
@MDMCDI's,1
@Beatle7John,1
@DignitasIntl,1
@duhhIaney,1
@TravelOnSkill,1
@UniversityMonad,1
@SOMedicine,1
@revistafactorrh,1
@safeway,1
@dilipkpandey,1
@triumphst1,1
@Iromg,1
@mikeparry8,1
@nbj914,1
@BioVoiceNews,1
@SunPharma_Live,1
@HopkinsMedicine,1
@nkmjoon,1
@CUSEAS,1
@Columbia,1
@UPMCnews,1
@CarnegieMellon,1
@indusinfect,1
@DeezerLatam,1
@m_candalaft,1
@JustinQuizon,1
@usembassyzambia,1
@Karabo_Mokgoko,1
@LucasBertero,1
@ecomcadiz,1
@fundacionyuste,1
@PickersgillM,1
@RoslynMalcolm,1
@AmnaRashid1947,1
@rwirth21,1
@boldonenow,1
@chadinabhan,1
@aravosis,1
@SpiritSpook,1
@slimking44,1
@MarketinStarter,1
@may_ondeng,1
@marchforwomenDC,1
@Vallmeister,1
@CBSNews,1
@AshutoshBnB,1
@dr_dedun,1
@mamabphd,1
@cliff_vaughn,1
@EthicsDaiâ€¦,1
@ucghiâ€¦,1
@elsevierconnect,1
@254EntOfficial,1
@Hollabc,1
@NFIDvaccines,1
@FotografiaPais,1
@EineSchwaebin,1
@GHaecks,1
@AinabeElla,1
@UC_Newsroom,1
@medscape,1
@UCSFHospitals,1
@3worldmom,1
@butterflytree,1
"
@Mortein",1
@jonastana,1
@feyi__xx,1
@TravelPulse,1
@birchbite,1
@hpstrawberries,1
@HappyGeek75,1
@crossriverstate,1
@Nigeria,1
@Bio21Institute,1
@Bio21Instituteâ€¦,1
@iTz__Q,1
@Jilluva,1
@CourtCorley,1
@solangeschild,1
@sokamilla,1
@owcaralho_,1
@eMedEvents,1
@E4AMamaYeAfrica,1
@LupusChannel,1
@SangitaSri,1
@NameFieldmt,1
@ikaveri,1
@OrganicLife,1
@fabiixeneize12,1
@TulaWansi,1
@Bewickwren,1
@Creighton,1
@wandieville,1
@SEIMC_,1
@ActaSanitaria,1
@wisnu93,1
@palangmerah,1
@DonDarBDG,1
@bloodforothers,1
@InfectDisNews,1
.@alere,1
@gatesfoundationâ€¦,1
@minesh_jsn,1
@sri9011,1
@yvng_JM,1
@smh,1
@againstmalaria,1
@TODAYshow,1
@madamTHEmadam,1
@Chi_BuzZ,1
@businessinsider,1
@nonklatink,1
@Supreme_Owl_FTW,1
@NinjaEconomics,1
@Acontraelhambre,1
@bhAratenduH,1
"@iWOPI
Vamooooos",1
@Akinkuadedare19,1
@LiveSciHealth,1
@PCampainha,1
@AtheistRepublic,1
@diguinhocoruja,1
@detikHealth,1
@ECCMID,1
@juicywurl,1
@BCtAInitiative,1
@sanofi,1
@in_consistent,1
@CopterDrones,1
@DroneUAVUAS,1
@VBNyheder,1
@RaymondChambers,1
@laduch3s,1
@Izab_Ayo,1
@SEOuxIndianer,1
@mimlookmoo,1
@DuranV6,1
"@iWOPI
Vaâ€¦",1
@ClydeLewis,1
@Letabaherald,1
@Future_MedX,1
@helsebibliotek,1
@MyProfileIsHere,1
@owldom,1
@O2Boom,1
@WFP,1
@Buck50RedHook,1
@IsraeliteCanaan,1
@grassrootsify,1
@rico_hands,1
@warrioroftrut,1
@Ruthanasia,1
@OrInbar1,1
@moveurbodynowâ€¦,1
@ARFHng,1
@ICT_magazine,1
@JonatusJr,1
@EurekAlert,1
@XOMFoundation,1
.@chitrapadhi,1
.@sheetal_tweets,1
"
@HMOULI",1
.@SajeendranN,1
@darrendodd,1
@popularboy4real,1
"tests
https//t.co/APEu6iLgK5
@anilvijminister",1
@ggncommcircle,1
@hashgurgaon,1
@I_Am_Gurgaon,1
@AriorOâ€¦,1
@don254_,1
@wildlifemargrit,1
@Be_Someone_Else,1
@zidabou,1
@africacnls,1
@HenningTveit,1
@Bingchemtrails,1
@CRZy_Soy,1
@LaLaRueFrench75,1
@EMcCra2â€¦,1
@FeverTreeMixers,1
@RonanKelly13,1
@esqopolot,1
@ParnellBruce,1
@timarthias,1
@BurnetInstitute,1
@unicefrw,1
@WAAPH_VIP,1
.@allafrica,1
"malaria.
@EdinburghNapier
https//t.co/m0sG7PJiT5",1
@CekapTerangWeh,1
@SJVanders,1
@umarsaif,1
@CMShehbaz,1
@Sayedmuradshah,1
.@nighealthwatch,1
@MedQHealthMag,1
@HSDF_NG,1
@myaccessbankâ€¦,1
@todonoticias,1
@GRIDD_GU,1
@csmls,1
@geronimovenegas,1
@PamojaUK,1
@Face2faceAFRICA,1
@CNNnews18,1
@SitaramYechury,1
@YusufDFI,1
@TheNubianQween,1
@triixxxiee,1
@Baldini_Fra,1
@geenieeus,1
@ItsBlack_Friday,1
@WVBurundiâ€¦,1
@VincentThiago,1
@Radio702,1
@givebloodwales,1
@amyshaw5_x,1
@looyeh,1
@AVONHMO,1
@EPOorg,1
@AWorldOutOfMind,1
"""@sabiasvip",1
@msndukanwosu,1
mosquiteras@iWOPI,1
@MosquitsdelBaix,1
@Copate_TE,1
@CasaPoundItalia,1
@Izzybolex,1
@jstcwarrior,1
@oorihadar,1
@EconSciTech,1
@jaypelll,1
@Orfby,1
@RebelEkonomist,1
@helfistech,1
@YoungRubicamSA,1
@UNICLagos,1
@tola_flerp,1
@bbyernie,1
@tates5a,1
@BudArmstrongME,1
@axios,1
@msclaudettes,1
@KPMcDonald,1
@EnduranceOjong,1
"
@Bettaedu",1
@BasseyArchibo16,1
@CRSPHCDA1,1
"
@ben_â€¦",1
@BenedictAyade,1
@BasseHenshaw,1
"edu
#AYADE4BETTAHEALTH
@Dr_Betta",1
@PeterBassey17,1
@mdfnigeria,1
@whoâ€¦,1
@soundhealthdoc,1
@myvotetoday,1
@healthy_wrld,1
@James1940,1
@SenalColombia,1
@Albertino22,1
@CRSPHCDA1â€¦,1
@carnegiescience,1
@kenehou,1
@mediatrix70â€¦,1
@ramsa_b,1
.@ArvindKejriwal,1
@NSchellack,1
@chalobeto,1
@callme_kryz,1
@NationalCSR,1
@Ma3Route,1
@wszystkieizkry,1
@MejoresReportes,1
@ReporteValioso,1
@africarivista,1
@UChicago,1
@NoskitoWorld,1
@DadiJanki,1
@carolyn_doctor,1
@Bahadiman,1
@ateacher97,1
@CarlsbadDreamin,1
@USATODAY,1
@ltpodmess,1
@marklagon,1
@whiteonechevy,1
@SDGaction,1
@JumiaNGHelp,1
@gborlahan19,1
@BIOINTERACTIVE,1
@TweeterParrot,1
@Ernesto05007988,1
@NoMalaria,1
@strudders_cfcâ€¦,1
@GualErey,1
@hawelti,1
@HACEYHealth,1
@PaulDowling19,1
@Sir_Ruffy,1
@crlymrsh,1
@clintwize,1
@macepa_tweets,1
@ghcorpsâ€¦,1
@Ace2Africa,1
@MusosiIbrah,1
@HadizaLagos,1
@GlobalHealthOrg,1
@KneWKeeD,1
@vofniraq,1
@commons_andy,1
@TranceGemini613,1
@boytim412,1
@GordonRamsay,1
@SHARAMDARNA,1
@PearlyTee1,1
@mosesngwanah,1
@Thaakat,1
@ACTION_tweets,1
@DrKhouryCDC,1
"(@DrKhouryCDC)

#PHGKB",1
@SciMelbâ€¦,1
@twibbon,1
@RVAwonk,1
@sicklecellnig,1
@chwcentral,1
"@ClintonHealth
#CHWs",1
-@PEPFAR,1
@SteveP2000,1
@FaSya_Syahira,1
@Cy_Guy,1
@GagikKarapetyan,1
w/@WorldVision,1
@Angola,1
@VOFNKatsina,1
@Susa_Cosplay,1
@Icookbeatss,1
@alissyang,1
@nktpnd,1
@mariacalmor,1
@GreenlifeNig,1
@NoelAlCubo!,1
@udnore,1