The #polio vaccine shortage is preventing global eradication of the disease. https://t.co/qgCh0IF8Tm https://t.co/ry34oZaWVO,
Modified experimental vaccine protects monkeys from deadly malaria https://t.co/Bs5EAdY6YV,"Washington, DC"
Modified experimental vaccine protects monkeys from deadly malaria https://t.co/tm708KU7qY,
RT @americacleanair: Modified experimental vaccine protects monkeys from deadly malaria https://t.co/QBe45Y8RT8,"New York, NY 10002"
RT @NIAIDNews: Improvements to experimental #malaria vaccine yield good results in monkey tests https://t.co/LnB08SBkJ4 https://t.co/Cmcxx8‚Ä¶,
RT @scienmag: Modified experimental vaccine protects monkeys from deadly malaria https://t.co/RZbRLFljnq https://t.co/WU99WE82Co,"Atlanta, GA"
RT @GHTCoalition: The #polio vaccine shortage is preventing global eradication of the disease. https://t.co/qgCh0IF8Tm https://t.co/ry34oZa‚Ä¶,"Wroclaw, Lower Silesia, Poland"
"Experimental #vaccine is protecting monkeys from deadly #malaria.
https://t.co/ZMkkfoxkpo https://t.co/hMshz5ZsSj","Durham, NC"
„Éû„É©„É™„Ç¢„ÉØ„ÇØ„ÉÅ„É≥„ÄÇ‰∏ÄÊ≠©„ÄÇModified experimental vaccine protects monkeys from deadly malaria https://t.co/DTks24XqpZ,"Michigan, USA"
"Modified experimental vaccine protects #Monkeys from deadly malaria -- ScienceDaily
, 
https://t.co/Sxwg5cNElv",ÂÖµÂ∫´Áúå
Modified experimental vaccine protects monkeys from deadly¬†malaria https://t.co/D94wzTXPlQ,
Modified experimental vaccine protects monkeys from deadly¬†malaria https://t.co/JCwDL0UwKq,
Modified experimental vaccine protects monkeys from deadly¬†malaria https://t.co/yPjpfkxJxq,London
Modified experimental vaccine protects monkeys from deadly¬†malaria https://t.co/KbpMG7AsVr,"London, England"
RT @RealFKNNews: #Mainstreammedia pushing #malariavaccine while refusing to mention that #wormwood herb has a 100% cure rate ‚Äì https://t.co‚Ä¶,"London, England"
Modified experimental vaccine protects monkeys from deadly malaria https://t.co/XxeuGtTKvm https://t.co/vzzZCZC1MF,US
Modified experimental vaccine protects monkeys from deadly malaria https://t.co/RZbRLFljnq https://t.co/VvVYrUTzBY,"Northampton, UK"
RT @scienmag: Modified experimental vaccine protects monkeys from deadly malaria https://t.co/RZbRLFljnq https://t.co/VvVYrUTzBY,"London, England"
Really cool early #science on a malaria #vaccine #vaccineswork https://t.co/VrBxc0AdRA,"London, Ontario, Canada"
RT @GidMK: Really cool early #science on a malaria #vaccine #vaccineswork https://t.co/VrBxc0AdRA,"Sydney, New South Wales"
RT @scienmag: Modified experimental vaccine protects monkeys from deadly malaria https://t.co/RZbRLFljnq https://t.co/VvVYrUTzBY,
RT @scienmag: Modified experimental vaccine protects monkeys from deadly malaria https://t.co/RZbRLFljnq https://t.co/VvVYrUTzBY,"London, Ontario, Canada"
"Malaria kills 1,000,000 people a year. This would be a massive scientific win! #sciencetalk #provaccines https://t.co/frhdrqKVmz","London, Ontario, Canada"
Modified Experimental Vaccine Protects Monkeys from Deadly Malaria https://t.co/fSKEMgZQnt,East Falls
RT @scienmag: Modified experimental vaccine protects monkeys from deadly malaria https://t.co/RZbRLFljnq https://t.co/VvVYrUTzBY,Cuman√°
RT @scienmag: Modified experimental vaccine protects monkeys from deadly malaria https://t.co/RZbRLFljnq https://t.co/VvVYrUTzBY,"London, Ontario, Canada"
Complex malaria vaccine protects monkeys against virulent¬†parasite strains https://t.co/MmgXyV9gtV,"London, Ontario, Canada"
"The world's first malaria vaccine is coming to Ghana, Kenya, and Malawi https://t.co/xAiRYOX8hS v√≠a @bi_contributors. üôåüôåüôåüôèüôè","Scottsdale, AZ"
RT @NIH: News: Modified experimental vaccine protects monkeys from deadly malaria https://t.co/2tqqtiRXGk #NIH #NIHnews,
A BMLS intern was assigned to a malaria-endemic area and was given a malarial vaccine as prophylaxis. What type of immunity will be induced?,"Rolla, MO"
Modified experimental vaccine protects monkeys from deadly malaria https://t.co/zUdLT0VrdZ,Neverland
Modified experimental vaccine protects monkeys from deadly malaria https://t.co/2bzEk7CPm5,
Vaccines may be the way forward for malaria eradication in India https://t.co/8kgxo5VIBC,"New Delhi, India"
Modified experimental vaccine protects monkeys from deadly malaria https://t.co/VtuSvabGMH #tropicaldisease,Mumbai
Modified experimental vaccine protects monkeys from deadly malaria https://t.co/yEpauQHswg #viruses #bacteria,United States
Modified experimental vaccine protects monkeys from deadly malaria https://t.co/E4gMvp1nZJ #vaccines #immunesystem,United States
Modified experimental vaccine protects monkeys from deadly malaria https://t.co/Bs5EAdY6YV,United States
Modified experimental vaccine protects monkeys from deadly malaria https://t.co/Pi9NvSsZyP,
Modified experimental vaccine protects monkeys from deadly malaria - Medical Dialogues | @scoopit https://t.co/5lzNWvEqXK,"Samborondon, Ecuador"
Modified experimental vaccine protects monkeys from deadly malaria https://t.co/AYcyFqxww8 #experimental #vaccine #malaria,"New Delhi, Delhi"
Modified experimental vaccine protects monkeys from deadly malaria -  https://t.co/jyPcI9HitZ,"New Delhi, Delhi"
Modified experimental vaccine protects monkeys from deadly malaria https://t.co/Bef2aaMjvn https://t.co/5vTc0PKCOb,"Hyderabad, India"
New vaccine shows early success protecting against malaria https://t.co/KrB1zo4wx4 https://t.co/zaOEF1Iykz,"Northampton, England"
New vaccine shows early success protecting against malaria https://t.co/8NU6W2YAa4 https://t.co/v7G9Z89yN2,Nigeria
New vaccine shows early success protecting against malaria https://t.co/CvxfyX2lf2 https://t.co/TdThJcqnfC,UK
New vaccine shows early success protecting against malaria https://t.co/fN7qN6fU8f https://t.co/83AaF3GBug,
‚≠êÔ∏è #Uk ‚Ä¢ New vaccine shows early success protecting against malaria: Four of eight monkeys that were given the‚Ä¶‚Ä¶ https://t.co/Xf8duNinm3,West Yorkshire
New vaccine shows early success protecting against malaria https://t.co/RiqvIaNe2M https://t.co/6q4Z1Vyg7M,"√ú.T: 51.53096,-0.118332"
New vaccine shows early success protecting against malaria https://t.co/wbRtYQy0a4 https://t.co/Nv53h1X8XP,"California, PA"
New vaccine shows early success protecting against malaria: Four of eight monkeys that were given the injection‚Ä¶‚Ä¶ https://t.co/BWqZZls6Ko,"Los Angeles, USA"
New vaccine shows early success protecting against¬†malaria https://t.co/5VF1zyzBKB,Cagayan
New vaccine shows early success protecting against¬†malaria https://t.co/2Vt89XYTgr https://t.co/1KikbsqFLX,
#Immunotherapy Modified experimental vaccine protects monkeys from deadly malaria https://t.co/IhwQSARD96 #fightcancer,
New vaccine shows early success protecting against malaria #Health https://t.co/rXiMgH5lFE,"Tijuana, Baja California"
https://t.co/yf3miWCSIn -  New vaccine shows early success protecting against malaria - https://t.co/ISjTDJT6Oe https://t.co/c0rdXdoYpB,United States
Modified experimental vaccine protects monkeys from deadly malaria - Medical News Today https://t.co/U4uN7eHqIS,Global Africa
New vaccine shows early success protecting against malaria https://t.co/rvMggEONwt https://t.co/y8VLpMHnBb,
Could THIS stop thousands dying from malaria? Vaccine shows early success in protecting against ... https://t.co/TUXmH56xR8,Australian Capital Territory
Modified experimental vaccine protects monkeys from deadly malaria https://t.co/RwTD2KI6ha,ca
Modified experimental vaccine protects monkeys from deadly malaria https://t.co/8VrCePWtCD,
Modified experimental vaccine protects monkeys from deadly malaria: Researchers from the‚Ä¶ https://t.co/GEUe8pnwkn,
Modified experimental vaccine protects monkeys from deadly malaria: Researchers from the‚Ä¶ https://t.co/ElIyAmUFLB,Worldwide
Fibrinogen domain of FREP1 is a broad spectrum malaria transmission-blocking vaccine antigen. https://t.co/uVKrAn4Gey,Worldwide
#vaccines Modified experimental vaccine protects monkeys from deadly malaria https://t.co/S9U4j4iNYB,
Modified experimental vaccine protects monkeys from deadly malaria -  https://t.co/fn1FPwpes8,United States
Modified #experimental vaccine protects monkeys from deadly #malaria #clinicaltrials https://t.co/V6PVKYUdjc,
New vaccine shows early success protecting against malaria #Health https://t.co/r4i8F30KSp,United Kingdom
New vaccine shows early success protecting against malaria #healthnews https://t.co/7VFKQ4Ei7P https://t.co/qJRIdYxzFs,
World's First Malaria Vaccine Will Be Given to Thousands of Babies in Africa https://t.co/XZV6qW7DOa https://t.co/HTHXoaWaKm,Great Britain
Modified experimental vaccine protects monkeys from deadly malaria https://t.co/u2uYnemu6U https://t.co/fR1tIMhZgF,"33.959328,-118.38522"
World Health Organization panel recommends pilot trials of so-so malaria vaccine #World Plaza https://t.co/iKJLeIMsJP,"Northampton, England"
#globalhealth #vaccines #malaria #ebola #zika https://t.co/jGSTVMc3ka,
World‚Äôs first effective malaria vaccine is set to save thousands of lives throughout Africa https://t.co/EOQb14axMv From: 04/24/2017,"Baltimore, MD"
Modified experimental vaccine protects monkeys from deadly malaria https://t.co/s7RCw4kTTp,
Modified experimental vaccine protects monkeys from deadly malaria #healthnews https://t.co/3CvwXzpB2c,United States
Modified experimental vaccine protects monkeys from deadly malaria - https://t.co/XYL6nWco40 https://t.co/caLPyfiwX2,
"Not a coincidence that just as they began using the malaria vaccine in Africa, Ebola resurfaced.","Tempe, AZ"
RT @GENbio: #Vaccine against #Malaria Provides Complete Protection in Monkeys:  https://t.co/1HAaMdJNMu https://t.co/g5FBkbFIqv,Malawi
RT @India4Vaccines: #Vaccines may be the way forward for #malaria eradication in #India - https://t.co/3aU7dpvyr3 #vaccination  #health #ch‚Ä¶,South Africa
"RT @India4Vaccines: Top 6 tips to prevent malaria - https://t.co/e0nMH32rUB
#vaccination #health @WHO @MoHFW_INDIA",Global
Modified experimental vaccine protects monkeys from deadly malaria. https://t.co/CMfnpN6O2M,Global
"#Nigeria #news - WHO to begin malaria vaccine programme in Ghana, others https://t.co/2twnGy1SaY","lagos,nigeria"
"#Nigeria #news - WHO to begin malaria vaccine programme in Ghana, others https://t.co/huSBa2SNJz","Lagos, Nigeria"
RT @JamesJMurray1: Malaria Vaccine Breakthrough! https://t.co/yPn1VJ47mL https://t.co/B4zHTY3Pcw,Lagos - Nigeria
Difficult #vaccines to develope for #HIV #malaria #tuberculosis ... starting #cosei2017 with an interesting topic https://t.co/aBokwsZD2a,
@katjanechild @sindivanzyl  COIDA is the piece of legislation that will cover her if she contracts it.Take malaria vaccine b4 u leave.,Valladolid
WHO to Pilot Malaria Vaccine in Africa https://t.co/vo41g2WYPg #SmartHealth #Health https://t.co/pBnXz41wwP,Richards bay
@Thobanie @sindivanzyl The  malaria vaccine is for kids. Just saying I hope she wont get it and need COIDA.,
#WHO to Pilot #Malaria Vaccine in #Africa https://t.co/VDGtmbcaVk,South Africa
RT @GHTCoalition: Experts are prepping the experimental #Ebola vaccine for possible use to mitigate the recent outbreak in the DRC.‚Ä¶ ,"Cape Town, South Africa"
Modified malaria vaccine hopeful https://t.co/jENyOSjcJq,Australia
RT @alfredocorell: Difficult #vaccines to develope for #HIV #malaria #tuberculosis ... starting #cosei2017 with an interesting topic https:‚Ä¶,"Madrid, Comunidad de Madrid"
RT @JamesJMurray1: Malaria Vaccine Breakthrough! https://t.co/yPn1VJ47mL https://t.co/B4zHTY3Pcw,Valladolid
Modified experimental vaccine protects monkeys from deadly malaria https://t.co/Bs5EAdY6YV,
"#Ghana, #Kenya &amp; #Malawi will take part in a WHO-coordinated pilot programme of the world‚Äôs first #malaria vaccine https://t.co/mjMjUy5ZNo",
"RT @eHealthNewsZA: #Ghana, #Kenya &amp; #Malawi will take part in a WHO-coordinated pilot programme of the world‚Äôs first #malaria vaccine https‚Ä¶","Cape Town, South Africa"
RT @scienmag: Modified experimental vaccine protects monkeys from deadly malaria https://t.co/RZbRLFljnq https://t.co/VvVYrUTzBY,
Modified experimental vaccine protects monkeys from deadly malaria https://t.co/Bef2aaMjvn https://t.co/5vTc0PKCOb,"London, Ontario, Canada"
"An #antimalarial vaccine which successfully protected monkeys from #malaria could be available by 2018, says @WHO https://t.co/09196i96rI",
"RT @malarianomoreuk: An #antimalarial vaccine which successfully protected monkeys from #malaria could be available by 2018, says @WHO http‚Ä¶","Northampton, England"
"#Maternal #education boasts benefits esp for #malaria, functioning as a 'social vaccine,' #UofA #UCG study finds: https://t.co/uvQV0KzzlX",
"RT @malarianomoreuk: An #antimalarial vaccine which successfully protected monkeys from #malaria could be available by 2018, says @WHO http‚Ä¶",UK
"RT @eHealthNewsZA: #Ghana, #Kenya &amp; #Malawi will take part in a WHO-coordinated pilot programme of the world‚Äôs first #malaria vaccine https‚Ä¶",
RT @HarvardMalaria: A #Malaria #vaccine from @NIAIDNews is shown to be effective in monkeys and could help move us toward human trials http‚Ä¶,"Atlanta, GA"
"RT @ProSyn: In 2016, progress was made in developing vaccines for #Ebola, dengue, shingles, and malaria https://t.co/P0uFzFgUDm https://t.c‚Ä¶",
Modified experimental vaccine protects monkeys from deadly malaria https://t.co/LKh5Miebdk https://t.co/0LYOCa5Lli,
"Thanks for the follow everyone. If you are a journalist we have experts in #malaria, #globalhealth, #ebola #zika #cholera #hiv #vaccines",
The prospect of a #malaria vaccine is great news https://t.co/z9D5pn5aoJ,Australia
RT @alfredocorell: Difficult #vaccines to develope for #HIV #malaria #tuberculosis ... starting #cosei2017 with an interesting topic https:‚Ä¶,
"Two Malaria Vaccines Achieve Success In Early Trials 

https://t.co/VXbGPtX6zC

#malaria #vaccines #medicine‚Ä¶ https://t.co/2HYijSKpiW","San Diego, CA"
"RT @AIMSEDUCATION: Two Malaria Vaccines Achieve Success In Early Trials 

https://t.co/VXbGPtX6zC

#malaria #vaccines #medicine‚Ä¶ ","Baltimore, MD"
Why Kenyan kids will get malaria vaccine https://t.co/YPz7HaCKCR #care #nonprofit,"Cape Town, South Africa"
Modified experimental #vaccine protects monkeys from malaria https://t.co/NpBINydsNq https://t.co/zRMgA4Je30,Valladolid
Russian‚ÄìUnited States vaccine science diplomacy: Preserving the legacy https://t.co/ASrSGWiZXl https://t.co/TRzO8FuGgt,"Piscataway, NJ "
Russian‚ÄìUnited States vaccine science diplomacy: Preserving the legacy https://t.co/ASrSGWiZXl https://t.co/xusy4LJRbk,
Modified experimental vaccine protects monkeys from deadly malaria https://t.co/XxeuGtTKvm https://t.co/vzzZCZC1MF,"New York, USA"
RT @HarvardMalaria: A #Malaria #vaccine from @NIAIDNews is shown to be effective in monkeys and could help move us toward human trials http‚Ä¶,"Bourne, MA"
Modified experimental vaccine protects monkeys from deadly malaria https://t.co/u2uYneE4Ys https://t.co/fR1tIMzA8d,
Experimental vaccine protects monkeys from deadly malaria Continue¬†Reading‚Ä¶ https://t.co/4dbPqtUZiN https://t.co/b5VZcvefhQ,
Experimental vaccine protects monkeys from deadly¬†malaria https://t.co/zA634wK56b https://t.co/mI6nakFEc2,"Northampton, UK"
Experimental vaccine protects monkeys from deadly¬†malaria https://t.co/wggxLm8OMT https://t.co/0MoXNopGXz,Australia
#Happenings  Experimental vaccine protects monkeys from deadly malaria https://t.co/EX0upU0qLy https://t.co/aDMa4aLuUt,
"RT @Davinadeazul: Hope- Malaria: Kenya, Ghana and Malawi get first vaccine - https://t.co/PfoFfqC4ae","Northampton, England"
Modified malaria vaccine prevents the parasite from entering red blood cells... https://t.co/PuNqG8EgLv,
Modified experimental vaccine protects monkeys from deadly malaria https://t.co/RZbRLFljnq https://t.co/mpgO0YXAY8,Lagos
#WHO to Pilot #Malaria Vaccine in #Africa https://t.co/9trBLyCOx1,"Kaduna, Nigeria"
RT @scienmag: Modified experimental vaccine protects monkeys from deadly malaria https://t.co/RZbRLFljnq https://t.co/mpgO0YXAY8,Nigeria
Modified experimental vaccine protects monkeys from deadly¬†malaria https://t.co/D94wzTXPlQ https://t.co/843iZUySXD,Lancashire and Senegal
Modified experimental vaccine protects monkeys from deadly¬†malaria https://t.co/JCwDL0UwKq https://t.co/NFPRfqP3kK,
Modified experimental vaccine protects monkeys from deadly¬†malaria https://t.co/yPjpfkxJxq https://t.co/W1enXc5OwL,"London, England"
Modified experimental vaccine protects monkeys from deadly¬†malaria https://t.co/KbpMG7AsVr https://t.co/hohXYoINVs,"Cape Town, South Africa"
"RT @alnessgeo: Malaria: Kenya, Ghana and Malawi get first vaccine #highergeography https://t.co/HZzScdjL0H",Venezuela
"Research Roundup: Malaria vaccine, mouse sperm in space, animal welfare prizes, and more! https://t.co/X4lv99l8Hh",
New vaccine protects against deadly malaria | Microscopy and Analysis https://t.co/R50O2MMFjS,London
"Research Roundup: Malaria vaccine , mouse sperm in space, animal welfare prizes, and more! https://t.co/u99Heez0ee","London, England"
"Research Roundup: Malaria vaccine, mouse sperm in space, animal welfare prizes, and more! - Speaking of Research‚Ä¶ https://t.co/puDioDu0qe","London, England"
Experimental vaccine protects monkeys from deadly malaria - https://t.co/EMCUOmLU3t https://t.co/ObRZHMYyPl,Glasgow 
Experimental vaccine protects monkeys from deadly malaria https://t.co/lQuJRiiAH0,
Experimental vaccine protects monkeys from deadly malaria - https://t.co/hLZgDhkAck via @nigeriatodayng https://t.co/urZq07FUGf,UK
Experimental vaccine protects monkeys from deadly malaria https://t.co/6VyjA5qJcW Via @swankpharm https://t.co/KjdO2WKoac,ca
RT @agbenyuie61: MALARIA VACCINES check this article at https://t.co/2BA1698pWf via @agbenyuie61  #Naftilove #Goodliving #Thegoodlifeway #G‚Ä¶,
Experimental Vaccine Protects Monkeys From Deadly Malaria - Several experimental malaria vaccines previously te... https://t.co/Fo71QQFWoU,Email: swankpharm@gmail.com
Experimental Vaccine Protects Monkeys From Deadly Malaria https://t.co/eq835GkpZ0,"Lagos, Nigeria"
MedWorld Nigeria:: Experimental Vaccine Protects Monkeys From Deadly Malaria https://t.co/h7chq6A8UB #MWN,
https://t.co/aivFpg2lDO Modified experimental vaccine protects monkeys from deadly malaria https://t.co/CpuRt1iwpK,Nigeria
https://t.co/YcWy1KPkm6 Modified experimental vaccine protects monkeys from deadly malaria https://t.co/PnH3AyFxbr,Nigeria
https://t.co/OPqdHJQWNS Modified experimental vaccine protects monkeys from deadly malaria https://t.co/JFcfC3z3EY,
https://t.co/aivFpg2lDO Modified experimental vaccine protects monkeys from deadly malaria https://t.co/mDCVdihihj,Nigeria
https://t.co/YcWy1KPkm6 Modified experimental vaccine protects monkeys from deadly malaria https://t.co/yBdhJqIbus,Nigeria
https://t.co/OPqdHJQWNS Modified experimental vaccine protects monkeys from deadly malaria https://t.co/jR3ncB1Y9S,NIGERIA
CAMRIS is proud to partner with #NMRC to develop a #malaria vaccine. Learn more about it here:‚Ä¶ https://t.co/X4QdA29Esh,
Experimental Vaccine Protects Monkeys From Deadly Malaria | Medical World Nigeria https://t.co/cKK707pC3H,"Jupiter, FL"
RT @swankpharm: Experimental vaccine protects monkeys from deadly malaria - https://t.co/EMCUOmLU3t https://t.co/ObRZHMYyPl,"Jupiter, FL"
#NewsNigeriaToday #Nigeria Experimental vaccine protects monkeys from deadly malaria ‚Äî Fea...‚Ä¶ https://t.co/uIz3ZlPTgh,
Can we fight malaria with facts? Maternal education acts as a social vaccine in war-torn Congo‚Ä¶ https://t.co/UIYwDnJkYX,"Jupiter, FL"
Modified malaria vaccine hopeful https://t.co/g2VPFU5yG5 @LabRoots,"Jupiter, FL"
Scientists devise novel way to predict efficacy of malaria vaccines https://t.co/ysmxa1XOJE https://t.co/1OgWONhAfJ,"Bethesda, Maryland"
World Health Org. announced first VACCINES against MALARIA | Good News for African¬†People https://t.co/PInZHyNBqA https://t.co/AHLcurKYFZ,Nigeria
ICYMI: This week's #research roundup: Potential #malaria and #Ebola vaccines &amp; the #polio vaccine shortage.‚Ä¶ https://t.co/7IK0kDyvUo,Global
World Health Org. announced first VACCINES against MALARIA | Good News for African¬†People https://t.co/3VR6gIRtfH https://t.co/AOpG95FKy8,Nigeria
World Health Org. announced first VACCINES against MALARIA | Good News for African¬†People https://t.co/pWLPejXOhx https://t.co/H2Q4nIXIj5,"Toronto, Ontario"
"Research Roundup: Malaria vaccine, mouse sperm in space, animal welfare prizes, and more!","Madrid, Comunidad de Madrid"
RT @GHTCoalition: ICYMI: This week's #research roundup: Potential #malaria and #Ebola vaccines &amp; the #polio vaccine shortage.‚Ä¶ ,
"What is a social vaccine, and how could it help reduce malaria transmission? https://t.co/fbGrU9Fk38 @UAlberta https://t.co/fljckLxo4w",
Experimental Vaccine Protects Monkeys From Deadly Malaria - Several experimental malaria vaccines previously te... https://t.co/SkPebUbRGk,"Washington, DC"
Study from researchers at NIAID shows promise in monkeys for a modified experimental #malaria #vaccine #vaccineswork https://t.co/vYhZ34Cebr,United States
Three African Countries Will Test 1st Malaria Vaccine https://t.co/lxBG99F3rZ,
RT @KafuiDey: Three African Countries Will Test 1st Malaria Vaccine https://t.co/lxBG99F3rZ,
RT @KafuiDey: Three African Countries Will Test 1st Malaria Vaccine https://t.co/lxBG99F3rZ,
Primary education has similar protective effect to malaria vaccines in Democratic Republic of Congo‚Ä¶ https://t.co/FiucNf4bLp,"Toronto, Ontario"
There's Finally A Vaccine For Malaria | Nowthis (pls RT‚Ü∫‚ù§Ô∏è) Ô∏èÔ∏è https://t.co/ugEa7d2ZMW #malaria #vaccine,Nigeria
Could there be a 'social vaccine' for malaria? || https://t.co/T5iirqKYnj  #VoiceofIM,"Rockville, MD"
Could there be a 'social vaccine' for malaria? || https://t.co/yxAqMjkWYU  #VoiceofIM,Ghana
The @DeptofDefense has led the way in developing antimalarials &amp; malaria vaccine candidates https://t.co/CM37T5tEXG @nothingbutnets,
RT @wrair: The @DeptofDefense has led the way in developing antimalarials &amp; malaria vaccine candidates https://t.co/CM37T5tEXG @nothingbutn‚Ä¶,
RT @wrair: The @DeptofDefense has led the way in developing antimalarials &amp; malaria vaccine candidates https://t.co/CM37T5tEXG @nothingbutn‚Ä¶,"Toronto, Ontario"
#Nigeria #news - RE: New malaria vaccine provides 100% protection in clinical trial https://t.co/vJbgz0WoRJ,
The #polio vaccine shortage is preventing global eradication of the disease. https://t.co/qgCh0IF8Tm https://t.co/ry34oZaWVO,"Bozeman, Montana"
Modified experimental vaccine protects monkeys from deadly malaria https://t.co/Bs5EAdY6YV,"Montana, USA"
Modified experimental vaccine protects monkeys from deadly malaria https://t.co/tm708KU7qY,"Silver Spring, Maryland"
RT @americacleanair: Modified experimental vaccine protects monkeys from deadly malaria https://t.co/QBe45Y8RT8,"Washington, DC"
RT @NIAIDNews: Improvements to experimental #malaria vaccine yield good results in monkey tests https://t.co/LnB08SBkJ4 https://t.co/Cmcxx8‚Ä¶,"Washington, DC"
RT @scienmag: Modified experimental vaccine protects monkeys from deadly malaria https://t.co/RZbRLFljnq https://t.co/WU99WE82Co,"Lagos, Nigeria"
"Seminario virtual: ""The next vaccine generation against malaria: structurally modulated Plasmodium antigens"" https://t.co/WIYq9RSa6l","Washington, DC"
RT @lecho: L'√©pop√©e belge du #vaccin antimalaria https://t.co/kccsvP96xV #malaria #paludisme #vaccine via @CecileBerthaud https://t.co/J0OA‚Ä¶,
Modified experimental vaccine protects monkeys from deadly malaria https://t.co/tRAxZYssr1 #MalariaVaccine,"New York, NY 10002"
Modified experimental vaccine protects monkeys from deadly malaria https://t.co/u2uYnemu6U https://t.co/fR1tIMhZgF,
Modified @NIAIDNews @NIH experimental #malaria #vaccine protects monkeys from deadly malaria https://t.co/ZSJDgnPpGO https://t.co/jN2SNUOXgh,"Atlanta, GA"
IHAVE HAD A MALARIA DEPT OF DEFENCE VACCINE AGAINST MALARIA IN 1970 WHEN I WEN TTO INDONESIA MORE CIA FAMILY JEWELS https://t.co/4AIo1FkaIj,"Wroclaw, Lower Silesia, Poland"
#Modified experimental #vaccine protects monkeys from deadly malaria https://t.co/8S4quNnrHc,M√©xico
RT @GHTCoalition: The #polio vaccine shortage is preventing global eradication of the disease. https://t.co/qgCh0IF8Tm https://t.co/ry34oZa‚Ä¶,
"Experimental #vaccine is protecting monkeys from deadly #malaria.
https://t.co/ZMkkfoxkpo https://t.co/hMshz5ZsSj",Canada
„Éû„É©„É™„Ç¢„ÉØ„ÇØ„ÉÅ„É≥„ÄÇ‰∏ÄÊ≠©„ÄÇModified experimental vaccine protects monkeys from deadly malaria https://t.co/DTks24XqpZ,"Northampton, England"
"Modified experimental vaccine protects #Monkeys from deadly malaria -- ScienceDaily
, 
https://t.co/Sxwg5cNElv",Home is where the heart lives
Modified experimental vaccine protects monkeys from deadly¬†malaria https://t.co/D94wzTXPlQ,",Clifton, NJ 07011"
Modified experimental vaccine protects monkeys from deadly¬†malaria https://t.co/JCwDL0UwKq,
Modified experimental vaccine protects monkeys from deadly¬†malaria https://t.co/yPjpfkxJxq,"Durham, NC"
Modified experimental vaccine protects monkeys from deadly¬†malaria https://t.co/KbpMG7AsVr,"Michigan, USA"
RT @RealFKNNews: #Mainstreammedia pushing #malariavaccine while refusing to mention that #wormwood herb has a 100% cure rate ‚Äì https://t.co‚Ä¶,ÂÖµÂ∫´Áúå
Modified experimental vaccine protects monkeys from deadly malaria https://t.co/XxeuGtTKvm https://t.co/vzzZCZC1MF,
Modified experimental vaccine protects monkeys from deadly malaria https://t.co/RZbRLFljnq https://t.co/VvVYrUTzBY,
RT @scienmag: Modified experimental vaccine protects monkeys from deadly malaria https://t.co/RZbRLFljnq https://t.co/VvVYrUTzBY,London
Really cool early #science on a malaria #vaccine #vaccineswork https://t.co/VrBxc0AdRA,"London, England"
RT @GidMK: Really cool early #science on a malaria #vaccine #vaccineswork https://t.co/VrBxc0AdRA,"London, England"
RT @scienmag: Modified experimental vaccine protects monkeys from deadly malaria https://t.co/RZbRLFljnq https://t.co/VvVYrUTzBY,US
RT @scienmag: Modified experimental vaccine protects monkeys from deadly malaria https://t.co/RZbRLFljnq https://t.co/VvVYrUTzBY,"Northampton, UK"
"Malaria kills 1,000,000 people a year. This would be a massive scientific win! #sciencetalk #provaccines https://t.co/frhdrqKVmz","London, England"
Modified Experimental Vaccine Protects Monkeys from Deadly Malaria https://t.co/fSKEMgZQnt,"London, Ontario, Canada"
RT @scienmag: Modified experimental vaccine protects monkeys from deadly malaria https://t.co/RZbRLFljnq https://t.co/VvVYrUTzBY,"Sydney, New South Wales"
RT @scienmag: Modified experimental vaccine protects monkeys from deadly malaria https://t.co/RZbRLFljnq https://t.co/VvVYrUTzBY,
Complex malaria vaccine protects monkeys against virulent¬†parasite strains https://t.co/MmgXyV9gtV,"London, Ontario, Canada"
"The world's first malaria vaccine is coming to Ghana, Kenya, and Malawi https://t.co/xAiRYOX8hS v√≠a @bi_contributors. üôåüôåüôåüôèüôè","London, Ontario, Canada"
RT @NIH: News: Modified experimental vaccine protects monkeys from deadly malaria https://t.co/2tqqtiRXGk #NIH #NIHnews,East Falls
A BMLS intern was assigned to a malaria-endemic area and was given a malarial vaccine as prophylaxis. What type of immunity will be induced?,Cuman√°
Modified experimental vaccine protects monkeys from deadly malaria https://t.co/zUdLT0VrdZ,"London, Ontario, Canada"
Modified experimental vaccine protects monkeys from deadly malaria https://t.co/2bzEk7CPm5,"London, Ontario, Canada"
Modified experimental vaccine protects monkeys from deadly malaria https://t.co/VtuSvabGMH #tropicaldisease,"Scottsdale, AZ"
Modified experimental vaccine protects monkeys from deadly malaria https://t.co/yEpauQHswg #viruses #bacteria,
Modified experimental vaccine protects monkeys from deadly malaria https://t.co/E4gMvp1nZJ #vaccines #immunesystem,"Rolla, MO"
Modified experimental vaccine protects monkeys from deadly malaria https://t.co/Bs5EAdY6YV,Neverland
Modified experimental vaccine protects monkeys from deadly malaria https://t.co/Pi9NvSsZyP,
Modified experimental vaccine protects monkeys from deadly malaria - Medical Dialogues | @scoopit https://t.co/5lzNWvEqXK,"New Delhi, India"
Modified experimental vaccine protects monkeys from deadly malaria https://t.co/AYcyFqxww8 #experimental #vaccine #malaria,United States
Modified experimental vaccine protects monkeys from deadly malaria -  https://t.co/jyPcI9HitZ,United States
Modified experimental vaccine protects monkeys from deadly malaria https://t.co/Bef2aaMjvn https://t.co/5vTc0PKCOb,United States
New vaccine shows early success protecting against malaria https://t.co/KrB1zo4wx4 https://t.co/zaOEF1Iykz,
New vaccine shows early success protecting against malaria https://t.co/8NU6W2YAa4 https://t.co/v7G9Z89yN2,"Samborondon, Ecuador"
New vaccine shows early success protecting against malaria https://t.co/CvxfyX2lf2 https://t.co/TdThJcqnfC,"New Delhi, Delhi"
New vaccine shows early success protecting against malaria https://t.co/fN7qN6fU8f https://t.co/83AaF3GBug,"New Delhi, Delhi"
‚≠êÔ∏è #Uk ‚Ä¢ New vaccine shows early success protecting against malaria: Four of eight monkeys that were given the‚Ä¶‚Ä¶ https://t.co/Xf8duNinm3,"Hyderabad, India"
New vaccine shows early success protecting against malaria https://t.co/RiqvIaNe2M https://t.co/6q4Z1Vyg7M,"Northampton, England"
New vaccine shows early success protecting against malaria https://t.co/wbRtYQy0a4 https://t.co/Nv53h1X8XP,Nigeria
New vaccine shows early success protecting against malaria: Four of eight monkeys that were given the injection‚Ä¶‚Ä¶ https://t.co/BWqZZls6Ko,UK
New vaccine shows early success protecting against¬†malaria https://t.co/5VF1zyzBKB,
New vaccine shows early success protecting against¬†malaria https://t.co/2Vt89XYTgr https://t.co/1KikbsqFLX,West Yorkshire
#Immunotherapy Modified experimental vaccine protects monkeys from deadly malaria https://t.co/IhwQSARD96 #fightcancer,"√ú.T: 51.53096,-0.118332"
New vaccine shows early success protecting against malaria #Health https://t.co/rXiMgH5lFE,"California, PA"
https://t.co/yf3miWCSIn -  New vaccine shows early success protecting against malaria - https://t.co/ISjTDJT6Oe https://t.co/c0rdXdoYpB,"Los Angeles, USA"
Modified experimental vaccine protects monkeys from deadly malaria - Medical News Today https://t.co/U4uN7eHqIS,Cagayan
New vaccine shows early success protecting against malaria https://t.co/rvMggEONwt https://t.co/y8VLpMHnBb,
Could THIS stop thousands dying from malaria? Vaccine shows early success in protecting against ... https://t.co/TUXmH56xR8,
Modified experimental vaccine protects monkeys from deadly malaria https://t.co/RwTD2KI6ha,"Tijuana, Baja California"
Modified experimental vaccine protects monkeys from deadly malaria https://t.co/8VrCePWtCD,United States
Modified experimental vaccine protects monkeys from deadly malaria: Researchers from the‚Ä¶ https://t.co/GEUe8pnwkn,Global Africa
Modified experimental vaccine protects monkeys from deadly malaria: Researchers from the‚Ä¶ https://t.co/ElIyAmUFLB,
Fibrinogen domain of FREP1 is a broad spectrum malaria transmission-blocking vaccine antigen. https://t.co/uVKrAn4Gey,Australian Capital Territory
#vaccines Modified experimental vaccine protects monkeys from deadly malaria https://t.co/S9U4j4iNYB,ca
Modified experimental vaccine protects monkeys from deadly malaria -  https://t.co/fn1FPwpes8,
Modified #experimental vaccine protects monkeys from deadly #malaria #clinicaltrials https://t.co/V6PVKYUdjc,
New vaccine shows early success protecting against malaria #Health https://t.co/r4i8F30KSp,Worldwide
New vaccine shows early success protecting against malaria #healthnews https://t.co/7VFKQ4Ei7P https://t.co/qJRIdYxzFs,Worldwide
World's First Malaria Vaccine Will Be Given to Thousands of Babies in Africa https://t.co/XZV6qW7DOa https://t.co/HTHXoaWaKm,
Modified experimental vaccine protects monkeys from deadly malaria https://t.co/u2uYnemu6U https://t.co/fR1tIMhZgF,United States
World Health Organization panel recommends pilot trials of so-so malaria vaccine #World Plaza https://t.co/iKJLeIMsJP,
World‚Äôs first effective malaria vaccine is set to save thousands of lives throughout Africa https://t.co/EOQb14axMv From: 04/24/2017,United Kingdom
Modified experimental vaccine protects monkeys from deadly malaria https://t.co/s7RCw4kTTp,
Modified experimental vaccine protects monkeys from deadly malaria #healthnews https://t.co/3CvwXzpB2c,Great Britain
Modified experimental vaccine protects monkeys from deadly¬†malaria https://t.co/D94wzTXPlQ,"33.959328,-118.38522"
Modified experimental vaccine protects monkeys from deadly¬†malaria https://t.co/JCwDL0UwKq,"Northampton, England"
Modified experimental vaccine protects monkeys from deadly¬†malaria https://t.co/yPjpfkxJxq,
Modified experimental vaccine protects monkeys from deadly¬†malaria https://t.co/KbpMG7AsVr,
New vaccine shows early success ... - #Could #Dying #NewVaccineShowsEarlySuccessProtectingAgainstMalaria -‚Ä¶ https://t.co/Re1eHUNmHW,United States
On the latest learn what life is REALLY like for a malaria vaccine.,
RT @AngryCambodian: A white woman offer to give me malaria vaccine. I murder her with a rock and rape her ears until my wang pop her ear dr‚Ä¶,
Study finds maternal education can act as 'social vaccine' for childhood #malaria infection https://t.co/skwyfi4mSB cc @UAlberta_FoMD,London
RT @theturk: Modified experimental vaccine protects monkeys from deadly¬†malaria https://t.co/yPjpfkxJxq,"London, England"
"Malaria Vaccine #ClinicalTrials Offers Hope To Many Regions Of The World
https://t.co/0eOKkh4BmL","London, England"
Modified experimental vaccine protects monkeys from deadly malaria https://t.co/KweWIM2QvI #Immunology #News,
RT @Berci: The world's first vaccine against #malaria will be introduced in three countries starting in 2018. https://t.co/30c2eoRWhN,"Virginia, USA"
RT @Berci: The world's first vaccine against #malaria will be introduced in three countries starting in 2018. https://t.co/30c2eoRWhN,
RT @JeanieMajic: World's first Malaria vaccine to be introduced in 2018. First up is #Ghana #Kenya and #Malawi.. This is the best news I've‚Ä¶,Global
"Modified Experimental Vaccine Protects Monkeys from Deadly Malaria
https://t.co/jOOeL3kaZk","Florida, USA"
#Vaccines may be the way forward for #malaria eradication in #India - https://t.co/3aU7dpvyr3 #vaccination  #health #childcare @NHP_INDIA,
RT @India4Vaccines: #Vaccines may be the way forward for #malaria eradication in #India - https://t.co/3aU7dpvyr3 #vaccination  #health #ch‚Ä¶,United Kingdom & Europe
artificial active. Malaria vaccine is an example of an attenuated vaccine wc causes production of Ab in the patient thus providing immunity.,"Seattle
"
RT @JeanieMajic: World's first Malaria vaccine to be introduced in 2018. First up is #Ghana #Kenya and #Malawi.. This is the best news I've‚Ä¶,"Seattle
"
RT @scienmag: Modified experimental vaccine protects monkeys from deadly malaria https://t.co/RZbRLFljnq https://t.co/VvVYrUTzBY,
Mainstream media pushing malaria vaccine while refusing to mention that wormwood herb has a 100% cure rate https://t.co/9MDpda4oWZ,"Rockaway, New Jersey"
"RT @Seeker: A new malaria vaccine by GlaxoSmithKline will be tested on 360,000 children in Africa. https://t.co/aegIMpv6oG",New Delhi
RT @DrSarahBHealthy: New vaccine shows early success protecting against malaria #healthnews https://t.co/7VFKQ4Ei7P https://t.co/qJRIdYxzFs,Global
Active because malaria vaccine contains P. falciparum circumsporozoite protein from pre-RBC stage (CHON is part of‚Ä¶ https://t.co/AKR1BTW0vJ,Neverland
Experts are prepping the experimental #Ebola vaccine for possible use to mitigate the recent outbreak in the DRC.‚Ä¶ https://t.co/Axabgwl9NK,
A modified malaria vaccine targets host-cell attachment... https://t.co/OQldS16U2v,"London, Ontario, Canada"
A modified malaria vaccine targets host-cell attachment... https://t.co/9MXVWtsmZv,
A modified malaria vaccine targets host-cell attachment... https://t.co/zgGnmyQ6ss,Manhattan - NYC
RT @LabRoots: A modified malaria vaccine targets host-cell attachment... https://t.co/OQldS16U2v,
RT @JamesJMurray1: Malaria Vaccine Breakthrough! https://t.co/yPn1VJ47mL https://t.co/B4zHTY3Pcw,"Mandug, Davao City"
RT @JamesJMurray1: Malaria Vaccine Breakthrough! https://t.co/yPn1VJ47mL https://t.co/B4zHTY3Pcw,"Washington, DC"
Modified experimental vaccine protects monkeys from deadly malaria https://t.co/1XVJggnXi9 https://t.co/SoulJE3KTy,"Orange County, CA - USA"
RT @LabRoots: A modified malaria vaccine targets host-cell attachment... https://t.co/OQldS16U2v,
RT @GHTCoalition: Experts are prepping the experimental #Ebola vaccine for possible use to mitigate the recent outbreak in the DRC.‚Ä¶ ,
Innovation - Infection Control - Modified experimental vaccine protects monkeys from deadly #malaria: https://t.co/WGrG0vcS2z,"Culiac√°n, Sinaloa, M√©xico"
RT @scienmag: Modified experimental vaccine protects monkeys from deadly malaria https://t.co/RZbRLFljnq https://t.co/VvVYrUTzBY,
Modified experimental vaccine protects monkeys from deadly malaria https://t.co/PB7aOzBxoy,
Modified Experimental #Vaccine Protects Monkeys from Deadly #malaria https://t.co/W9pL6iwlWE #immunization,"San Diego, CA"
RT @Microbiology_LR: A modified malaria vaccine targets host-cell attachment... https://t.co/zgGnmyQ6ss,"Culiac√°n, Sinaloa, M√©xico"
@Bubbles_NGS 9. I thought it was a good idea once to go to the jungle sin malaria tablets and yellow fever vaccine,Australia
Modified experimental vaccine protects monkeys from deadly malaria https://t.co/5bHtWkLQpG,
RT @fhi360research: Study finds maternal education can act as 'social vaccine' for childhood #malaria infection https://t.co/skwyfi4mSB cc‚Ä¶,"London, Ontario, Canada"
Modified experimental vaccine protects monkeys from deadly malaria https://t.co/XxeuGtTKvm https://t.co/vzzZCZC1MF,Buenos Aires
Modified experimental vaccine protects monkeys from deadly malaria https://t.co/VJS98b138C przez @scienmag,Planet Earth
RT @GHTCoalition: Experts are prepping the experimental #Ebola vaccine for possible use to mitigate the recent outbreak in the DRC.‚Ä¶ ,C√°ceres / Xix√≥n
Modified experimental vaccine protects monkeys from deadly malaria -  https://t.co/RRJ1T5Tn4E https://t.co/DtJ68Uw2iy,
"Zusammenhang SIV zu HIV, Polio Vaccine, SV40, Krebs, Recombinant DNA, Malaria Forschung

https://t.co/rgfbwGhEqr",Alberta
"Connection between SIV - HIV, Polio Vaccine, SV40, Recombinant DNA, Cancer and Malaria Research

https://t.co/F4yMI13QsV",Alberta
Fibrinogen domain of FREP1 is a broad spectrum malaria transmission-blocking vaccine antigen. https://t.co/F2Cwpt3wzj,"Northampton, UK"
RT @Aller_MD: Modified experimental vaccine protects monkeys from deadly malaria https://t.co/PB7aOzBxoy,"Wien, √ñsterreich"
RT @Aller_MD: Modified experimental vaccine protects monkeys from deadly malaria https://t.co/PB7aOzBxoy,Australia
RT @Aller_MD: Modified experimental vaccine protects monkeys from deadly malaria https://t.co/PB7aOzBxoy,
RT @Aller_MD: Modified experimental vaccine protects monkeys from deadly malaria https://t.co/PB7aOzBxoy,Germany
RT @scienmag: Modified experimental vaccine protects monkeys from deadly malaria https://t.co/RZbRLFljnq https://t.co/VvVYrUTzBY,Germany
"The world's first malaria vaccine is coming to Ghana, Kenya, and Malawi https://t.co/xAiRYOX8hS v√≠a @bi_contributors. üôåüôåüôåüôèüôè",
"#Nigeria #news - WHO to begin malaria vaccine programme in Ghana, others https://t.co/2twnGy1SaY",Iberoam√©rica
"#Nigeria #news - WHO to begin malaria vaccine programme in Ghana, others https://t.co/huSBa2SNJz",Iberoam√©rica
RT @GHTCoalition: Experts are prepping the experimental #Ebola vaccine for possible use to mitigate the recent outbreak in the DRC.‚Ä¶ ,Iberoam√©rica
"#Ghana, #Kenya &amp; #Malawi will take part in a WHO-coordinated pilot programme of the world‚Äôs first #malaria vaccine https://t.co/mjMjUy5ZNo",Iberoam√©rica
"RT @eHealthNewsZA: #Ghana, #Kenya &amp; #Malawi will take part in a WHO-coordinated pilot programme of the world‚Äôs first #malaria vaccine https‚Ä¶","London, Ontario, Canada"
"RT @eHealthNewsZA: #Ghana, #Kenya &amp; #Malawi will take part in a WHO-coordinated pilot programme of the world‚Äôs first #malaria vaccine https‚Ä¶",
RT @JeanieMajic: World's first Malaria vaccine to be introduced in 2018. First up is #Ghana #Kenya and #Malawi.. This is the best news I've‚Ä¶,
RT @JeanieMajic: World's first Malaria vaccine to be introduced in 2018. First up is #Ghana #Kenya and #Malawi.. This is the best news I've‚Ä¶,"Lagos, Nigeria"
Active because malaria vaccine contains P. falciparum circumsporozoite protein from pre-RBC stage (CHON is part of‚Ä¶ https://t.co/AKR1BTW0vJ,Lagos - Nigeria
Experts are prepping the experimental #Ebola vaccine for possible use to mitigate the recent outbreak in the DRC.‚Ä¶ https://t.co/Axabgwl9NK,Australia
RT @GHTCoalition: Experts are prepping the experimental #Ebola vaccine for possible use to mitigate the recent outbreak in the DRC.‚Ä¶ ,"Cape Town, South Africa"
RT @GHTCoalition: Experts are prepping the experimental #Ebola vaccine for possible use to mitigate the recent outbreak in the DRC.‚Ä¶ ,
"RT @Davinadeazul: Hope- Malaria: Kenya, Ghana and Malawi get first vaccine - https://t.co/PfoFfqC4ae",
"RT @alnessgeo: Malaria: Kenya, Ghana and Malawi get first vaccine #highergeography https://t.co/HZzScdjL0H",
MedWorld Nigeria:: Experimental Vaccine Protects Monkeys From Deadly Malaria https://t.co/h7chq6A8UB #MWN,
Experimental Vaccine Protects Monkeys From Deadly Malaria | Medical World Nigeria https://t.co/cKK707pC3H,
#NewsNigeriaToday #Nigeria Experimental vaccine protects monkeys from deadly malaria ‚Äî Fea...‚Ä¶ https://t.co/uIz3ZlPTgh,
#Nigeria #news - RE: New malaria vaccine provides 100% protection in clinical trial https://t.co/vJbgz0WoRJ,
